via,zona,numeri,citta
ABBA GIUSEPPE CESARE ,20 - A,TUTTI,PISA
ABBAZIA SAN SAVINO ,10 - B,TUTTI,CASCINA
ABETELLE ,26 - A,TUTTI,PISA
ABETONE ,24 - B,DAL 1 AL 7/A,SAN GIULIANO TERME
ABETONE ,37 - B,DAL 166 AL 472/A DAL 147 AL 377,SAN GIULIANO TERME
ABETONE ,38 - A,8,SAN GIULIANO TERME
ABETONE ,38 - B,DAL 21 AL 167 DAL 2 AL 162 ,SAN GIULIANO TERME
ABETONE ,39 - B,DAL 9 AL 23/C,SAN GIULIANO TERME
ACACIE ,26 - A,TUTTI,PISA
ACCOGLIENZA ,41 - A,SNC,CALCI
ACCOLTI ,15 - A,TUTTI,SAN GIULIANO TERME
ACQUEDOTTI ,35 - A,TUTTI,VECCHIANO
ACQUEDOTTO ,38 - B,1,SAN GIULIANO TERME
ADEMOLLO LUIGI ,38 - B,TUTTI,SAN GIULIANO TERME
ADIGE ,22 - B,TUTTI,PISA
ADRIANI GIOVAN BATTISTA ,38 - B,TUTTI,SAN GIULIANO TERME
AEROPORTO ,1 - B,TUTTI,PISA
AEROPORTO ,44,47,PISA
AGAVI ,25 - B,TUTTI,PISA
AGNELLI GUGLIELMO ,4 - B,TUTTI,PISA
AGONIGI ,20 - A,TUTTI,PISA
AGOSTINI DELLA SETA FERDINANDO ,6 - B,TUTTI,PISA
AGRIFOGLIO ,25 - B,TUTTI,PISA
AIAZZI DANILO MONSIGNOR ,25 - B,TUTTI,PISA
AIRONE ,32 - A,TUTTI,VECCHIANO
ALAMANNI ,15 - A,TUTTI,SAN GIULIANO TERME
ALBERACCIO ,40 - A,TUTTI,SAN GIULIANO TERME
ALBERELLO ,8 - B,TUTTI,PISA
ALBERI ,26 - A,DAL 1 AL 9 DAL 2 AL 14/A,PISA
ALBERI ,26 - B,DAL 15 AL 33 DAL 16/A AL 30,PISA
ALBERTI LEON BATTISTA ,30 - A,TUTTI,PISA
ALBERTI LEON BATTISTA ,39 - B,TUTTI,SAN GIULIANO TERME
ALBIANI ,2 - B,TUTTI,PISA
ALBINONI ,22 - A,TUTTI,SAN GIULIANO TERME
ALDO MORO ,29 - A,TUTTI,PISA
ALDO MORO ,32 - A,TUTTI,VECCHIANO
ALDO MORO ,36 - A,TUTTI,SAN GIULIANO TERME
ALDOVRANDI ,36 - A,TUTTI,SAN GIULIANO TERME
ALDROVANDI ULISSE ,8 - B,TUTTI,PISA
ALEARDI ALEARDO ,38 - B,TUTTI,SAN GIULIANO TERME
ALFIERI VITTORIO ,15 - B,TUTTI,PISA
ALFIERI VITTORIO ,17 - B,DAL 5 AL 29/A,SAN GIULIANO TERME
ALFIERI VITTORIO ,43 - A,DAL 39 AL 71/A DAL 2 AL 16,SAN GIULIANO TERME
ALIGHIERI DANTE ,12 - B,TUTTI,CASCINA
ALIGHIERI DANTE ,17 - B,TUTTI,SAN GIULIANO TERME
ALIGHIERI DANTE ,23 - B,TUTTI,PISA
ALIGHIERI DANTE ,33 - B,TUTTI,VECCHIANO
ALLENDE SALVADOR ,35 - A,TUTTI,VECCHIANO
ALLORI ,26 - A,TUTTI,PISA
ALLORI ,43 - B,TUTTI,SAN GIULIANO TERME
ALPI ILARIA ,36 - A,TUTTI,SAN GIULIANO TERME
ALPI ILARIA ,9 - B,TUTTI,CASCINA
ALZAVOLA ,32 - A,SNC,VECCHIANO
AMALFI ,21 - A,TUTTI,PISA
AMBROSOLI GIORGIO ,33 - A,TUTTI,VECCHIANO
AMEDEO ,33 - A,TUTTI,VECCHIANO
AMEDEO ,50,83,VECCHIANO
AMEDEO DUCA D'AOSTA ,24 - B,TUTTI,PISA
AMENDOLA GIOVANNI ,11 - B,TUTTI,CASCINA
AMENDOLA GIOVANNI ,14 - A,TUTTI,PISA
AMENDOLA GIOVANNI ,31 - A,TUTTI,SAN GIULIANO TERME
AMENDOLA GIOVANNI ,32 - A,TUTTI,VECCHIANO
ANDO' FLAVIO ,27 - A,TUTTI,PISA
ANGELI PIETRO DA BARGA ,24 - A,TUTTI,PISA
ANGIOLIERI CECCO ,43 - A,TUTTI,SAN GIULIANO TERME
ANNUNZIATA ,3 - B,TUTTI,PISA
ARANCIO ,23 - B,TUTTI,PISA
ARCANGELI GIOVANNI ,14 - B,TUTTI,PISA
ARCIVESCOVADO ,23 - B,TUTTI,PISA
ARCIVESCOVADO ,44,18,PISA
ARDENNE ,7 - A,TUTTI,PISA
ARETINO PIETRO ,36 - B,TUTTI,SAN GIULIANO TERME
ARGINE ,30 - A,TUTTI,PISA
ARGINE ,33 - B,TUTTI,VECCHIANO
ARGINE ,42 - A,TUTTI,CALCI
ARGINE ,43 - A,TUTTI,SAN GIULIANO TERME
ARGINE VECCHIO ,34 - A,DAL 1 AL 243/A DAL 20 AL 202,VECCHIANO
ARGINE VECCHIO ,34 - B,DAL 245 AL 369 DAL 206 AL 232,VECCHIANO
ARGINE VECCHIO ,35 - A,DAL 2 AL 88,VECCHIANO
ARGINONE ,5 - B,TUTTI,PISA
ARGONNE ,7 - A,TUTTI,PISA
ARIETI SILVANO ,24 - B,TUTTI,PISA
ARIOSTO ,42 - A,TUTTI,CALCI
ARIOSTO LUDOVICO ,15 - A,TUTTI,SAN GIULIANO TERME
ARIOSTO LUDOVICO ,15 - B,TUTTI,PISA
ARNACCIO ,25 - A,TUTTI,PISA
ARNACCIO CALCI ,41 - A,TUTTI,CALCI
ARNINO ,27 - A,TUTTI,PISA
ARNO ,22 - B,TUTTI,PISA
ARNO ,41 - A,TUTTI,CALCI
ARQUATA ,9 - A,DAL 34 AL 172 DAL 37 AL 51,CASCINA
ARQUATA ,9 - B,"DAL 2 AL 26, 50,52 DAL 3 AL 15",CASCINA
ARROSTI IACOPO ,29 - A,TUTTI,PISA
ARTIGIANI ,17 - A,TUTTI,PISA
ARTIGIANI ,17 - A,TUTTI,PISA
ASCOLI ,17 - B,TUTTI,SAN GIULIANO TERME
ASMARA ,1 - B,TUTTI,PISA
ASPROMONTE ,8 - B,TUTTI,PISA
ASSOPARDI UGOLINO ,21 - B,TUTTI,PISA
ATLETI AZZURRI PISANI ,21 - B,TUTTI,PISA
AURELIA ,31 - A,DAL 21 AL 37/B DAL 2 AL 144,SAN GIULIANO TERME
AURELIA ,31 - B,DAL 39 AL 249 DAL 146 AL 310,SAN GIULIANO TERME
AURELIA ,32 - B,DAL 278 AL 302/B,SAN GIULIANO TERME
AURELIA ,32 - B,TUTTI,VECCHIANO
AURELIA ,50,83,SAN GIULIANO TERME
AURELIA NORD ,21 - B,DAL 1/A AL 15,PISA
AURELIA NORD ,21 - B,DAL 2 AL 36,PISA
AURELIA SUD ,25 - A,TUTTI,PISA
AVANZI ENRICO ,14 - B,TUTTI,PISA
AVERANI GIUSEPPE ,18 - A,TUTTI,PISA
AVOGADRO ,43 - B,TUTTI,SAN GIULIANO TERME
AZALEE ,39 - A,TUTTI,SAN GIULIANO TERME
BACCIO ,38 - A,TUTTI,SAN GIULIANO TERME
BACONE FRANCESCO ,38 - B,TUTTI,SAN GIULIANO TERME
BADALONI NICOLA ,21 - B,TUTTI,PISA
BADIE ,42 - B,TUTTI,CALCI
BAGLINI PIERO ,11 - A,TUTTI,CASCINA
BAGNILE ,47,SNC,PISA
BALBO CESARE ,31 - B,TUTTI,SAN GIULIANO TERME
BALBO CESARE ,6 - A,TUTTI,PISA
BALDACCI VALENTINO ,4 - B,TUTTI,PISA
BALDAN DON GASTONE ,30 - A,TUTTI,PISA
BALDINI NULLO ,19 - B,TUTTI,PISA
BALDUCCI ERNESTO ,32 - A,TUTTI,VECCHIANO
BALDUINETTI ,3 - A,TUTTI,PISA
BALEARI ,27 - B,TUTTI,PISA
BALIPEDIO ,32 - B,SNC,VECCHIANO
BANCHI ,3 - B,TUTTI,PISA
BANDECCA ,35 - B,TUTTI,VECCHIANO
BANDETTINI TERESA ,15 - A,TUTTI,SAN GIULIANO TERME
BANDI GIUSEPPE ,6 - A,TUTTI,PISA
BANTI CRISTIANO ,37 - B,TUTTI,SAN GIULIANO TERME
BARACCA ,35 - A,TUTTI,VECCHIANO
BARACCA FRANCESCO ,24 - B,TUTTI,PISA
BARACHINI PAOLO ,22 - A,TUTTI,PISA
BARACHINI PAOLO ,40 - B,TUTTI,SAN GIULIANO TERME
BARAGAGLIA ,42 - B,TUTTI,CALCI
BARATTURALIA ,8 - A,TUTTI,PISA
BARBACANI ,40 - A,TUTTI,SAN GIULIANO TERME
BARBOLANI FRANCESCO ,28 - B,TUTTI,PISA
BARBUTI OTTORINO ,38 - B,TUTTI,SAN GIULIANO TERME
BARGAGNA ITALO ,49,16,PISA
BARGAGNA ITALO ,49,34,PISA
BARRA ,34 - B,TUTTI,VECCHIANO
BARSANTI PADRE EUGENIO ,5 - B,TUTTI,PISA
BARSOTTI CARLO ,40 - A,TUTTI,SAN GIULIANO TERME
BARSOTTI DON GUSTAVO ,12 - A,TUTTI,CASCINA
BARSUGLIA GIOVAN BATTISTA ,35 - B,TUTTI,VECCHIANO
BARTALACCI ,9 - A,TUTTI,CASCINA
BARTALINI ,43 - B,TUTTI,SAN GIULIANO TERME
BASILICATA ,13 - B,TUTTI,PISA
BASSI AGOSTINO ,5 - B,TUTTI,PISA
BASTIONE ,17 - A,TUTTI,PISA
BATTELLI ANGELO ,18 - A,TUTTI,PISA
BATTICHIODI ,16 - B,TUTTI,PISA
BATTISTI CESARE ,3 - A,TUTTI,PISA
BATTISTI CESARE ,34 - A,TUTTI,VECCHIANO
BATTISTI CESARE ,49,51; 53,PISA
BEATO AGNELLO ,1 - A,TUTTI,PISA
BEATO ALBERTO ,1 - A,TUTTI,PISA
BECCACCINO ,32 - A,TUTTI,VECCHIANO
BECCARIA CESARE ,16 - B,TUTTI,PISA
BECCARIA CESARE ,39 - B,TUTTI,SAN GIULIANO TERME
BECCARIA CESARE ,44,18,PISA
BELLATALLA ARCHIMEDE ,46,1; 1/A,PISA
BELLATALLA ARCHIMEDE ,5 - A,TUTTI,PISA
BELLAVISTA ,37 - B,TUTTI,SAN GIULIANO TERME
BELLE DONNE ,3 - B,TUTTI,PISA
BELLE TORRI ,16 - A,TUTTI,PISA
BELLI ,39 - B,TUTTI,SAN GIULIANO TERME
BELLI GIUSEPPE GIOACCHINO ,24 - A,TUTTI,PISA
BELLINI ,43 - A,TUTTI,SAN GIULIANO TERME
BELLINI VINCENZO ,30 - B,TUTTI,PISA
BELLONI GIULIO ANDREA ,19 - B,TUTTI,PISA
BELLUGELLO ,40 - A,8; 11,SAN GIULIANO TERME
BELLUGELLO ,40 - B,DAL 1 AL 13,SAN GIULIANO TERME
BELVEDERE ,26 - B,TUTTI,PISA
BELVEDERE ,34 - B,SNC,VECCHIANO
BELVEDERE ,40 - B,TUTTI,SAN GIULIANO TERME
BELVEDERE ,47,20,PISA
BENEDETTI ,17 - B,TUTTI,SAN GIULIANO TERME
BENEDETTINI EUGENIO ,25 - A,TUTTI,PISA
BENVENUTI PIETRO CESARE ,41 - B,TUTTI,CALCI
BERCHET GIOVANNI ,17 - B,TUTTI,SAN GIULIANO TERME
BERCHET GIOVANNI ,48,40,SAN GIULIANO TERME
BERLINGUER ENRICO ,33 - A,TUTTI,VECCHIANO
BERLINGUER ENRICO ,36 - B,TUTTI,SAN GIULIANO TERME
BERNARDINI CORAGGIO ,42 - B,TUTTI,CALCI
BERNARDINI ORESTE ,18 - B,TUTTI,PISA
BERNINI GIAN LORENZO ,30 - A,TUTTI,PISA
BERRETTA GIUSEPPE ,36 - B,SNC,SAN GIULIANO TERME
BERRETTA RODOLFO ,9 - A,TUTTI,CASCINA
BERTANI AGOSTINO ,6 - A,TUTTI,PISA
BERTELLI CECCO ,33 - A,TUTTI,VECCHIANO
BERTINI DON GIUSEPPE ,24 - B,TUTTI,PISA
BERTINI DON GIUSEPPE ,38 - B,TUTTI,SAN GIULIANO TERME
BETTI ,38 - A,TUTTI,SAN GIULIANO TERME
BETTI ENRICO ,4 - A,TUTTI,PISA
BETTI MARCO ,27 - A,TUTTI,PISA
BETTINELLI ,38 - A,TUTTI,SAN GIULIANO TERME
BETULLE ,26 - A,TUTTI,PISA
BEZZECCA ,7 - A,TUTTI,PISA
BIAGI MARCO ,19 - B,TUTTI,PISA
BIANCHI ,2 - A,TUTTI,PISA
BIANCHI BANDINELLI RANUCCIO ,21 - B,TUTTI,PISA
BIANCHI LUIGI ,20 - A,TUTTI,PISA
BIANCHI LUIGI ,38 - A,TUTTI,SAN GIULIANO TERME
BIANCOSPINI ,25 - B,TUTTI,PISA
BIDUINO ,21 - A,TUTTI,PISA
BIGATTIERA LATO MARE ,26 - A,TUTTI,PISA
BIGATTIERA LATO MONTE ,25 - A,TUTTI,PISA
BISANTOLA ,41 - B,TUTTI,CALCI
BISCOTTINO ,5 - A,TUTTI,PISA
BISSOLATI LEONIDA ,19 - B,TUTTI,PISA
BIXIO NINO ,3 - A,TUTTI,PISA
BIXIO NINO ,36 - B,TUTTI,SAN GIULIANO TERME
BIZZARRI FRANCESCO ,11 - A,TUTTI,CASCINA
BOBOLI ,39 - B,TUTTI,SAN GIULIANO TERME
BOCCACCIO GIOVANNI ,15 - A,TUTTI,SAN GIULIANO TERME
BOCCALACCIO ,30 - B,TUTTI,PISA
BOCCALI ,33 - A,TUTTI,VECCHIANO
BOCCHERINI ,36 - A,TUTTI,SAN GIULIANO TERME
BOCCHERINI LUIGI ,30 - B,TUTTI,PISA
BOCCHETTE ,7 - A,TUTTI,PISA
BOCCIONI ,43 - B,TUTTI,SAN GIULIANO TERME
BOITO ARRIGO ,38 - A,TUTTI,SAN GIULIANO TERME
BOLOGNA ,20 - B,TUTTI,PISA
BONAINI FRANCESCO ,2 - A,TUTTI,PISA
BONANNO PISANO ,19 - A,TUTTI,PISA
BONANNO PISANO ,47,33,PISA
BONANNO PISANO ,47,83,PISA
BONANNO PISANO ,47,6,PISA
BONIFICA ,33 - A,TUTTI,VECCHIANO
BONOMO GIOVAN COSIMO ,36 - A,TUTTI,SAN GIULIANO TERME
BORELLI ,38 - A,TUTTI,SAN GIULIANO TERME
BORGHESE ,3 - B,TUTTI,PISA
BORGHETTO ,17 - A,TUTTI,PISA
BORGHETTO ,49,7,PISA
BORGHETTO ,49,81,PISA
BORGHETTO ,49,80,PISA
BORGO ,10 - A,TUTTI,CASCINA
BORGO STRETTO ,16 - B,TUTTI,PISA
BORGUNDIO ,3 - B,TUTTI,PISA
BORODIN ALESSANDRO ,30 - B,TUTTI,PISA
BORRANI ,31 - A,TUTTI,SAN GIULIANO TERME
BORRANI ODOARDO ,18 - A,TUTTI,PISA
BORROMEO ,36 - A,TUTTI,SAN GIULIANO TERME
BORROMINI FRANCESCO ,36 - B,TUTTI,SAN GIULIANO TERME
BORSELLINO PAOLO ,24 - B,TUTTI,PISA
BORSI GIOSUE' ,20 - A,TUTTI,PISA
BOSCHI DON GAETANO ,23 - A,TUTTI,PISA
BOSCO ,41 - B,TUTTI,CALCI
BOSSO EMILIA IN PALAZZI TRIVELLI ,7 - A,TUTTI,PISA
BOSSOLO ,26 - B,TUTTI,PISA
BOVIO ,37 - A,TUTTI,SAN GIULIANO TERME
BOVIO GIOVANNI ,2 - B,TUTTI,PISA
BOVIO GIOVANNI ,33 - B,TUTTI,VECCHIANO
BOVIO GIOVANNI ,37 - A,TUTTI,SAN GIULIANO TERME
BOZZA ,33 - A,TUTTI,VECCHIANO
BRACCI ,2 - A,TUTTI,PISA
BRACCI TORSI HARRY ,5 - B,TUTTI,PISA
BRACCINI ,2 - A,TUTTI,PISA
BRACCIOLO ,34 - B,TUTTI,VECCHIANO
BRAGAZZI AGOSTINO ,22 - A,TUTTI,PISA
BRAMANTE DONATO ,30 - A,TUTTI,PISA
BRECCIA ANNIBALE EVARISTO ,5 - A,TUTTI,PISA
BRECCIA ANNIBALE EVARISTO ,5 - B,TUTTI,PISA
BRENNERO ,20 - A,TUTTI,PISA
BRENTA ,22 - B,TUTTI,PISA
BRODOLINI ,33 - B,TUTTI,VECCHIANO
BRODOLINI GIACOMO ,19 - B,TUTTI,PISA
BRODOLINI GIACOMO ,38 - A,TUTTI,SAN GIULIANO TERME
BRODOLINI GIACOMO ,9 - B,TUTTI,CASCINA
BROGIOTTI OBERDAN ,41 - B,TUTTI,CALCI
BRUCETO ,35 - A,TUTTI,VECCHIANO
BRUGI BIAGIO ,5 - A,SNC,PISA
BRUNELLESCHI ,35 - A,TUTTI,VECCHIANO
BRUNELLESCHI FILIPPO ,30 - A,TUTTI,PISA
BRUNELLESCHI FILIPPO ,31 - B,TUTTI,SAN GIULIANO TERME
BRUNO GIORDANO ,2 - B,TUTTI,PISA
BRUNO GIORDANO ,31 - B,TUTTI,SAN GIULIANO TERME
BUFFALMACCO ,30 - A,TUTTI,PISA
BUGNINO ,41 - B,TUTTI,CALCI
BULGARINO DA CAPRONA ,21 - B,TUTTI,PISA
BUONAMICI ,30 - B,TUTTI,PISA
BUONAMICI FRANCESCO ,23 - B,TUTTI,PISA
BUONARROTI FILIPPO ,18 - B,TUTTI,PISA
BUONARROTI MICHELANGELO ,31 - A,TUTTI,SAN GIULIANO TERME
BUONGUSTO ,23 - B,TUTTI,PISA
BUOZZI ,42 - A,1,CALCI
BUOZZI ,42 - A,DAL 2 AL 4,CALCI
BUOZZI ,42 - B,DAL 3 AL 5,CALCI
BUOZZI BRUNO ,36 - A,TUTTI,SAN GIULIANO TERME
BUOZZI BRUNO ,4 - B,TUTTI,PISA
BUOZZI BRUNO ,42 - A,DAL 1 AL 9 DAL 2 AL 22,CALCI
BUOZZI BRUNO ,42 - B,DAL 11 AL 83 DAL 20 AL 126,CALCI
BUOZZI BRUNO ,9 - B,TUTTI,CASCINA
BUSCHETTO ,16 - A,TUTTI,PISA
BUSONI FERRUCCIO ,36 - A,TUTTI,SAN GIULIANO TERME
BUTESE ,41 - B,TUTTI,CALCI
BYRON GEORGE GORDON ,15 - B,DAL 10 AL 26,PISA
CABOTO ,43 - A,TUTTI,SAN GIULIANO TERME
CABOTO GIOVANNI ,28 - B,TUTTI,PISA
CADUTI DEL LAVORO ,21 - B,TUTTI,PISA
CADUTI DELLA LIBERTA' ,33 - B,TUTTI,VECCHIANO
CADUTI DI EL ALAMEIN ,13 - A,TUTTI,PISA
CADUTI DI KINDU ,1 - B,TUTTI,PISA
CADUTI DI SARAJEVO ,1 - B,TUTTI,PISA
CADUTI LAGER NAZISTI ,9 - A,SNC,CASCINA
CAFAGGIO ,19 - B,TUTTI,PISA
CAFAGGIO ,24 - B,TUTTI,SAN GIULIANO TERME
CAFAGGIO ,34 - A,TUTTI,VECCHIANO
CAFIERO CARLO ,21 - B,TUTTI,PISA
CAGLIARI ,20 - B,TUTTI,PISA
CAGLIARITANA ,27 - A,TUTTI,PISA
CAGNOLA ,41 - A,TUTTI,CALCI
CAIROLI ,16 - A,TUTTI,PISA
CAIROLI ,41 - A,TUTTI,CALCI
CALABRESI ENRICA ,5 - A,TUTTI,PISA
CALABRIA ,13 - B,TUTTI,PISA
CALAFATI ,16 - B,TUTTI,PISA
CALAMANDREI PIERO ,10 - A,TUTTI,CASCINA
CALATAFIMI ,7 - B,TUTTI,PISA
CALCESANA ,17 - B,DAL 1 AL 89 DAL 2 AL 138,SAN GIULIANO TERME
CALCESANA ,41 - A,25/A,CALCI
CALCESANA ,41 - A,DAL 530 AL 534,SAN GIULIANO TERME
CALCESANA ,42 - A,DAL 11 AL 149 DAL 2 AL 128,CALCI
CALCESANA ,43 - A,DAL 91 AL 405 DAL 140 AL 472/A,SAN GIULIANO TERME
CALCESANA ,43 - B,DAL 409 AL 503 DAL 432 AL 528,SAN GIULIANO TERME
CALCESANA ,50,315,SAN GIULIANO TERME
CALCESANA ,50,158,SAN GIULIANO TERME
CALCINAIA ,38 - A,TUTTI,SAN GIULIANO TERME
CALIGI ,25 - A,TUTTI,PISA
CALVINO ITALO ,33 - A,TUTTI,VECCHIANO
CALZEZANE ,42 - B,TUTTI,CALCI
CAMBI ,6 - A,TUTTI,PISA
CAMMEO CARLO ,11 - A,DAL 101 AL 251 DAL 98 AL 314,CASCINA
CAMMEO CARLO ,41 - B,TUTTI,CALCI
CAMMEO CARLO ,9 - B,DAL 1 AL 85 DAL 4 AL 86,CASCINA
CAMMEO CARLO SALOMONE ,21 - A,TUTTI,PISA
CAMPALDO ,22 - B,TUTTI,PISA
CAMPANA ,40 - B,TUTTI,SAN GIULIANO TERME
CAMPANIA ,13 - B,TUTTI,PISA
CAMPANILE ,37 - B,TUTTI,SAN GIULIANO TERME
CAMPI ELISI ,7 - B,TUTTI,PISA
CAMPIGIANA ,5 - B,TUTTI,PISA
CAMPO ALL'ORZO ,5 - A,TUTTI,PISA
CAMPODAVELA ,47,TUTTI,PISA
CAMPOLUNGO ,39 - A,TUTTI,SAN GIULIANO TERME
CANAPIGLIA ,32 - A,TUTTI,VECCHIANO
CANAVARI MARIO ,15 - B,TUTTI,PISA
CANAVARI MARIO ,44,27,PISA
CANEVARI ,17 - A,TUTTI,PISA
CANNICCI ,1 - B,TUTTI,PISA
CANNIZZARO STANISLAO ,46,5,PISA
CANNIZZARO STANISLAO ,46,2,PISA
CANNIZZARO STANISLAO ,5 - B,TUTTI,PISA
CANOVA ,38 - B,TUTTI,SAN GIULIANO TERME
CANTANI ARNALDO ,37 - B,TUTTI,SAN GIULIANO TERME
CANTINI ,42 - A,TUTTI,CALCI
CANTONE ,39 - A,TUTTI,SAN GIULIANO TERME
CAPANNE ,38 - B,TUTTI,SAN GIULIANO TERME
CAPANNELLE ,8 - B,TUTTI,PISA
CAPANNONE ,19 - B,TUTTI,PISA
CAPANNONE ,34 - B,TUTTI,VECCHIANO
CAPELVENERE ,25 - B,TUTTI,PISA
CAPITETA ,5 - B,TUTTI,PISA
CAPPELLANI ,5 - A,TUTTI,PISA
CAPPELLO ,3 - B,TUTTI,PISA
CAPPONI FERDINANDO CARDINALE ,23 - A,TUTTI,PISA
CAPPUCCINI ,1 - A,TUTTI,PISA
CAPRERA ,8 - B,DAL 1 AL 59,PISA
CAPRERA ,8 - B,DAL 2 AL 118,PISA
CAPRI ,29 - B,TUTTI,PISA
CAPRILE ,41 - B,TUTTI,CALCI
CAPRONA,41 - A,6;7;1,CALCI
CAPUANA LUIGI ,17 - B,TUTTI,SAN GIULIANO TERME
CARABOTAIA ,3 - A,TUTTI,PISA
CARAVAGGIO ,30 - A,TUTTI,PISA
CARDETA ,31 - A,TUTTI,SAN GIULIANO TERME
CARDI LUIGI ,31 - B,TUTTI,SAN GIULIANO TERME
CARDUCCI ,33 - B,TUTTI,VECCHIANO
CARDUCCI ,41 - A,TUTTI,CALCI
CARDUCCI GIOSUE' ,15 - A,DAL 1 AL 51/A DAL 2 AL 66,SAN GIULIANO TERME
CARDUCCI GIOSUE' ,16 - B,DAL 1 AL 83 DAL 2 AL 40,PISA
CARDUCCI GIOSUE' ,34 - A,TUTTI,VECCHIANO
CARDUCCI GIOSUE' ,48,62,SAN GIULIANO TERME
CARIOLA ,6 - A,TUTTI,PISA
CARLINI SPARTACO ,15 - B,TUTTI,PISA
CARMIGNANI EGIDIO ,32 - B,TUTTI,VECCHIANO
CARMIGNANI GIOVANNI ,16 - B,TUTTI,PISA
CARMINE ,2 - B,TUTTI,PISA
CARNELUTTI FRANCESCO ,14 - A,TUTTI,PISA
CARNERA PRIMO ,33 - A,TUTTI,VECCHIANO
CARPITA ,12 - B,TUTTI,CASCINA
CARRAIA ,17 - B,SNC,SAN GIULIANO TERME
CARRAIA BASSA ,36 - A,DAL 1/A AL 1/L,SAN GIULIANO TERME
CARRAIA BASSA ,36 - B, DAL 1/H AL 9 DAL 4 AL 20,SAN GIULIANO TERME
CARRARA FRANCESCO ,23 - B,TUTTI,PISA
CARRARECCIA ,6 - A,TUTTI,PISA
CARUSO ENRICO ,38 - A,TUTTI,SAN GIULIANO TERME
CARUSO GIROLAMO ,21 - B,DAL 1 AL 29 DAL 2 AL 12,PISA
CARUSO GIROLAMO ,47,8,PISA
CARUSO GIROLAMO ,47,16,PISA
CASA ROSSA ,28 - B,TUTTI,PISA
CASACCIA ,41 - B,SNC,CALCI
CASALE DI VALLE ,40 - A,TUTTI,SAN GIULIANO TERME
CASALINE ,41 - B,TUTTI,CALCI
CASAMANNA ,41 - B,TUTTI,CALCI
CASAPIERI ,34 - A,DAL 1 AL 69 DAL 8 AL 112,VECCHIANO
CASAPIERI ,35 - A,DAL 75 AL 215 DAL 74 AL 124,VECCHIANO
CASAROSA NEVILIO ,22 - A,TUTTI,PISA
CASAROSA NEVILIO ,39 - B,TUTTI,SAN GIULIANO TERME
CASCIAVOLA ,11 - B,TUTTI,CASCINA
CASCINE ,19 - B,TUTTI,PISA
CASCINE NUOVE ,47,SNC,PISA
CASCINE VECCHIE ,47,TUTTI,PISA
CASE DIPINTE ,16 - B,TUTTI,PISA
CASE MEDICEE ,21 - B,TUTTI,PISA
CASE NUOVE ,32 - B,TUTTI,VECCHIANO
CASE ROSSE ,40 - A,TUTTI,SAN GIULIANO TERME
CASELLA GIACINTO ,34 - B,TUTTI,VECCHIANO
CASELLI CRESCENTINO ,38 - A,TUTTI,SAN GIULIANO TERME
CASELLO FERROVIARIO ,20 - B,TUTTI,SAN GIULIANO TERME
CASETTA ,41 - B,TUTTI,CALCI
CASETTE ,40 - A,TUTTI,SAN GIULIANO TERME
CASINA ,38 - A,TUTTI,SAN GIULIANO TERME
CASONE ,25 - B,TUTTI,PISA
CASONE ,35 - A,TUTTI,VECCHIANO
CASTAGNI ,26 - B,TUTTI,PISA
CASTAGNOLO ,25 - A,TUTTI,PISA
CASTALDI PANFILO ,5 - B,SNC,PISA
CASTELFIDARDO ,8 - B,TUTTI,PISA
CASTELLANA ,42 - B,TUTTI,CALCI
CASTELLETTO ,16 - B,DAL 2 AL 32,PISA
CASTELLETTO ,45,11,PISA
CASTELLO ,35 - A,TUTTI,VECCHIANO
CASTELLO ,37 - B,TUTTI,SAN GIULIANO TERME
CASTELLO ,39 - A,TUTTI,SAN GIULIANO TERME
CASTELNUOVO GUIDO ,31 - B,TUTTI,SAN GIULIANO TERME
CASTELSARDO ,12 - A,TUTTI,CASCINA
CASTINELLI RIDOLFO ,13 - A,TUTTI,PISA
CATALANI ,43 - A,TUTTI,SAN GIULIANO TERME
CATALANI ALFREDO ,3 - A,TUTTI,PISA
CATALLO ,21 - B,TUTTI,PISA
CATENE ,31 - B,TUTTI,SAN GIULIANO TERME
CATTANEO CARLO ,31 - A,TUTTI,SAN GIULIANO TERME
CATTANEO CARLO ,44,138/A,PISA
CATTANEO CARLO ,8 - A,TUTTI,PISA
CAVA ,41 - B,TUTTI,CALCI
CAVA DI SOTTO ,41 - B,TUTTI,CALCI
CAVALCA DOMENICO ,23 - A,TUTTI,PISA
CAVALCANTI GUIDO ,17 - B,TUTTI,SAN GIULIANO TERME
CAVALCAVIA ,7 - A,TUTTI,PISA
CAVALIERI ,23 - A,TUTTI,PISA
CAVALIERI ,45,3; 7,PISA
CAVALIERI ,45,2; 6,PISA
CAVALIERI BONAVENTURA ,36 - A,DAL 39 AL 41 DAL 60 AL 64,SAN GIULIANO TERME
CAVALIERI BONAVENTURA ,37 - A,DAL 1 AL 37/A DAL 8 AL 56,SAN GIULIANO TERME
CAVALIERI DI VITTORIO VENETO ,40 - A,TUTTI,SAN GIULIANO TERME
CAVALLOTTI ,41 - A,TUTTI,CALCI
CAVALLOTTI FELICE ,23 - B,TUTTI,PISA
CAVALLOTTI FELICE ,36 - A,TUTTI,SAN GIULIANO TERME
CAVE ,35 - B,TUTTI,VECCHIANO
CAVE ,40 - A,TUTTI,SAN GIULIANO TERME
CAVE ,50,154,VECCHIANO
CAVINA ,37 - B,TUTTI,SAN GIULIANO TERME
CAVOUR ,16 - B,TUTTI,PISA
CAVOUR ,36 - B,TUTTI,SAN GIULIANO TERME
CECI ANTONIO ,2 - B,TUTTI,PISA
CEDRINE ,26 - B,TUTTI,PISA
CEI,24 - B,TUTTI,PISA
CELLINI BENVENUTO ,38 - A,TUTTI,SAN GIULIANO TERME
CENTOFANTI ,42 - B,TUTTI,CALCI
CENTRO RAI ,5 - A,TUTTI,PISA
CERAMICA ,4 - B,SNC,PISA
CERBAIOLA ,42 - B,TUTTI,CALCI
CERBONI ELVEZIO ,1 - B,TUTTI,PISA
CERIA ,7 - B,TUTTI,CASCINA
CERTOSA ,42 - B,TUTTI,CALCI
CERUTI GINO ,37 - B,TUTTI,SAN GIULIANO TERME
CERVINO ,8 - A,TUTTI,PISA
CESALPINO ANDREA ,4 - A,TUTTI,PISA
CESTI ,40 - B,TUTTI,SAN GIULIANO TERME
CHE GUEVARA ,31 - A,DAL 173/A AL 181,SAN GIULIANO TERME
CHE GUEVARA ,36 - A,DAL 5 AL 197 DAL 2 AL 156,SAN GIULIANO TERME
CHERUBINI LUIGI ,37 - B,TUTTI,SAN GIULIANO TERME
CHIARINI GIUSEPPE ,37 - B,TUTTI,SAN GIULIANO TERME
CHIASSATELLO ,29 - A,TUTTI,PISA
CHIASSATELLO ,47,13,PISA
CHIASSETTO SAN MARCO ,2 - A,TUTTI,PISA
CHIASSO ,42 - B,TUTTI,CALCI
CHIELLINI ,17 - B,TUTTI,SAN GIULIANO TERME
CHIESA DAMIANO ,20 - A,TUTTI,PISA
CHIESA EUGENIO ,20 - A,TUTTI,PISA
CHIOSTRA ,41 - B,TUTTI,CALCI
CHIOSTRA ,41 - B,TUTTI,CALCI
CHIUSA ,32 - B,TUTTI,VECCHIANO
CIALDINI ,37 - B,TUTTI,SAN GIULIANO TERME
CIARDELLI NICOLA ,28 - A,1/B,PISA
CIARDI ,36 - A,TUTTI,SAN GIULIANO TERME
CICOGNINI ,15 - A,TUTTI,SAN GIULIANO TERME
CIGNANI ,37 - B,TUTTI,SAN GIULIANO TERME
CILEA FRANCESCO ,30 - B,TUTTI,PISA
CILEA FRANCESCO ,36 - A,DAL 3/A AL 9 DAL 24 AL 52,SAN GIULIANO TERME
CILEA FRANCESCO ,37 - A,DAL 2 AL 22,SAN GIULIANO TERME
CIMABUE ,22 - B,TUTTI,PISA
CIMABUE GIOVANNI ,37 - B,TUTTI,SAN GIULIANO TERME
CIMAROSA DOMENICO ,38 - A,TUTTI,SAN GIULIANO TERME
CIMITERO ,35 - A,TUTTI,VECCHIANO
CIRILLO MARCO ,32 - B,TUTTI,VECCHIANO
CISANELLO ,4 - A,TUTTI,PISA
CISANELLO ,43 - A,TUTTI,SAN GIULIANO TERME
CISANELLO ,48,20,SAN GIULIANO TERME
CISANELLO ,49,145; 168; 170,PISA
CITTADELLA ,33 - A,TUTTI,VECCHIANO
CIUCCI VERA ,9 - B,TUTTI,CASCINA
CIURINI IACOPO ,27 - B,TUTTI,PISA
CLARI GIAN CARLO MARIA ,2 - B,TUTTI,PISA
CLAUDIO NAMAZIANO ,28 - A,TUTTI,PISA
COBIANCHI MARIO ,1 - B,SNC,PISA
COCCAPANI LUDOVICO ,16 - B,TUTTI,PISA
COCCHI ,8 - B,TUTTI,PISA
COCCHI ANTONIO ,43 - A,TUTTI,SAN GIULIANO TERME
COCCHI ANTONIO ,8 - B,TUTTI,PISA
COCCHI ANTONIO USL,46,7,PISA
CODOLE ,41 - B,TUTTI,CALCI
COLI ,36 - A,TUTTI,SAN GIULIANO TERME
COLLE ,35 - A,TUTTI,VECCHIANO
COLLE ,41 - B,TUTTI,CALCI
COLLEGIO RICCI ,23 - B,TUTTI,PISA
COLLEGIO RICCI ,45,10,PISA
COLLETTA PIETRO ,17 - B,TUTTI,SAN GIULIANO TERME
COLLETTO ,40 - B,TUTTI,SAN GIULIANO TERME
COLLODI ,39 - B,TUTTI,SAN GIULIANO TERME
COLLODI CARLO ,22 - A,TUTTI,PISA
COLLODI CARLO ,39 - B,TUTTI,SAN GIULIANO TERME
COLLODI CARLO ,39 - B,TUTTI,SAN GIULIANO TERME
COLO' ZENO ,33 - A,TUTTI,VECCHIANO
COLOMBAIE ,25 - A,TUTTI,PISA
COLOMBO CRISTOFORO ,2 - A,TUTTI,PISA
COLOMBO CRISTOFORO ,33 - A,TUTTI,VECCHIANO
COLONNE ,16 - B,TUTTI,PISA
COLORNI EUGENIO ,21 - A,TUTTI,PISA
COMUNALI ,40 - A,TUTTI,SAN GIULIANO TERME
CONCE ,3 - B,TUTTI,PISA
CONCETTE ,17 - A,TUTTI,PISA
CONDOTTI ,17 - B,TUTTI,SAN GIULIANO TERME
CONDOTTI ,40 - A,TUTTI,SAN GIULIANO TERME
CONSANI PIERO ,24 - B,TUTTI,PISA
CONSEGNE ,8 - B,TUTTI,PISA
CONSERVE ,31 - B,TUTTI,SAN GIULIANO TERME
CONSOLI DEL MARE ,16 - B,TUTTI,PISA
CONTE FAZIO ,29 - A,TUTTI,PISA
CONTESSA MATILDE ,21 - A,TUTTI,PISA
CONTI GIOVANNI ,6 - A,TUTTI,PISA
COPERNICO NICOLO' ,43 - B,TUTTI,SAN GIULIANO TERME
COPPI FAUSTO E BARTALI GINO ,42 - B,TUTTI,CALCI
CORRIDONI ,37 - A,TUTTI,SAN GIULIANO TERME
CORRIDONI FILIPPO ,2 - A,TUTTI,PISA
CORRIDONI FILIPPO ,44,117,PISA
CORRIDONI FILIPPO ,45,87,PISA
CORRIDONI FILIPPO ,45,122,PISA
CORSANI GAETANO ,28 - B,TUTTI,PISA
CORSICA ,23 - B,TUTTI,PISA
CORSICA ,9 - A,TUTTI,CASCINA
CORTA ,23 - A,TUTTI,PISA
CORTA ,33 - B,TUTTI,VECCHIANO
CORTE DEL PORTICO ,8 - B,TUTTI,PISA
CORTE GARGINI ,41 - B,TUTTI,CALCI
CORTE GRANDE ,36 - A,TUTTI,SAN GIULIANO TERME
CORTE INTERNO ,42 - B,TUTTI,CALCI
CORTE TIERZI ,8 - A,TUTTI,PISA
CORTI ,37 - B,TUTTI,SAN GIULIANO TERME
CORTO ,39 - B,TUTTI,SAN GIULIANO TERME
CORTONA ,35 - B,TUTTI,VECCHIANO
CORVO ,37 - B,TUTTI,SAN GIULIANO TERME
COSTA ,31 - A,TUTTI,SAN GIULIANO TERME
COSTA ANDREA ,21 - B,TUTTI,PISA
CRESPIGNANO,41 - A,TUTTI,CALCI
CRISPI FRANCESCO ,3 - A,TUTTI,PISA
CRISPI FRANCESCO ,45,17,PISA
CROCE ,38 - B,TUTTI,SAN GIULIANO TERME
CROCE BENEDETTO ,2 - B,TUTTI,PISA
CROCE BENEDETTO ,31 - A,TUTTI,SAN GIULIANO TERME
CROCE BENEDETTO ,49,105,PISA
CROCE ROSSA ,23 - B,TUTTI,PISA
CROCIFISSO ,2 - B,TUTTI,PISA
CRUTO ALESSANDRO ,29 - A,TUTTI,PISA
CULMINEZZA ,41 - B,TUTTI,CALCI
CUOCO VINCENZO ,24 - A,TUTTI,PISA
CUOCO VINCENZO ,36 - B,TUTTI,SAN GIULIANO TERME
CUORE ,16 - A,TUTTI,PISA
CUPPARI PIETRO ,14 - B,TUTTI,PISA
CURIE PIERRE ,38 - A,TUTTI,SAN GIULIANO TERME
CURTATONE E MONTANARA ,23 - B,TUTTI,PISA
CURTATONE E MONTANARA ,45,15,PISA
CURZOLARI ,28 - B,TUTTI,PISA
DA BUTI FRANCESCO ,2 - A,TUTTI,PISA
DA FABRIANO GENTILE ,30 - A,TUTTI,PISA
DA FABRIANO GENTILE ,43 - B,TUTTI,SAN GIULIANO TERME
DA MAIANO GIULIO ,43 - A,TUTTI,SAN GIULIANO TERME
DA MESSINA ANTONELLO ,38 - B,TUTTI,SAN GIULIANO TERME
DA MONTEFELTRO PADRE AGOSTINO ,27 - A,TUTTI,PISA
DA MORRONA ALESSANDRO ,1 - B,TUTTI,PISA
DA MORRONA ALESSANDRO ,17 - B,TUTTI,SAN GIULIANO TERME
DA PADULE BONACCORSO ,29 - A,TUTTI,PISA
DA PISA GUIDO ,44,TUTTI,PISA
DA PISA PIETRO ,19 - A,TUTTI,PISA
DA PISA RUSTICHELLO ,19 - A,TUTTI,PISA
DA SAN CONCORDIO FRA' BARTOLOMEO ,30 - B,TUTTI,PISA
DA SANGALLO GIULIANO ,2 - A,TUTTI,PISA
DA SASSOFERRATO BARTOLO ,4 - A,TUTTI,PISA
DA SCORNO ,2 - B,TUTTI,PISA
DA VECCHIANO CINO ,34 - A,TUTTI,VECCHIANO
DA VERRAZZANO GIOVANNI ,28 - B,TUTTI,PISA
DA VINCI LEONARDO ,21 - A,TUTTI,PISA
DA VINCI LEONARDO ,34 - B,TUTTI,VECCHIANO
DA VINCI LEONARDO ,43 - A,TUTTI,SAN GIULIANO TERME
D'ACQUISTO SALVO ,24 - A,TUTTI,PISA
D'ACQUISTO SALVO ,32 - A,TUTTI,VECCHIANO
DAIBERTO ,27 - B,TUTTI,PISA
DAL BORGO FLAMINIO ,2 - B,TUTTI,PISA
DAL BORGO FLAMINIO ,38 - B,TUTTI,SAN GIULIANO TERME
DALMAZIA ,23 - B,13,PISA
DALMAZIA ,23 - B,TUTTI,PISA
D'ANCONA ALESSANDRO ,18 - B,TUTTI,PISA
DANIMARCA ,4 - A,TUTTI,PISA
D'ANNUNZIO GABRIELE ,15 - A,TUTTI,SAN GIULIANO TERME
D'ANNUNZIO GABRIELE ,28 - A,DAL 3 AL 21 DAL 2 AL 20,PISA
D'ANNUNZIO GABRIELE ,28 - B,DAL 1 AL 145 DAL 22 AL 262,PISA
DANTE ,41 - A,TUTTI,CALCI
D'AREZZO GUIDO ,43 - A,TUTTI,SAN GIULIANO TERME
DARSENA ,25 - A,TUTTI,PISA
DARSENA ,47,1,PISA
D'ARSULA ,30 - B,TUTTI,PISA
DARWIN ,36 - B,TUTTI,SAN GIULIANO TERME
D'ASCANIO CORRADINO ,44,SAT,PISA
D'AZEGLIO MASSIMO ,3 - B,TUTTI,PISA
DE AMICIS EDMONDO ,16 - A,TUTTI,PISA
DE AMICIS EDMONDO ,34 - B,TUTTI,VECCHIANO
DE AMICIS EDMONDO ,36 - B,TUTTI,SAN GIULIANO TERME
DE AMICIS EDMONDO ,50,119,SAN GIULIANO TERME
DE ANDRE' FABRIZIO ,11 - B,TUTTI,CASCINA
DE ANDRE' FABRIZIO ,25 - B,TUTTI,PISA
DE BONI FILIPPO ,6 - A,TUTTI,PISA
DE CHIRICO ,39 - B,TUTTI,SAN GIULIANO TERME
DE CHIRICO GIORGIO ,11 - A,TUTTI,CASCINA
DE CURTIS ANTONIO ,11 - A,TUTTI,CASCINA
DE GASPERI ALCIDE ,37 - A,DAL 53 AL 113 DAL 8 AL 110,SAN GIULIANO TERME
DE GASPERI ALCIDE ,37 - B,DAL 1 AL 51,SAN GIULIANO TERME
DE GASPERI ALCIDE ,38 - B,DAL 2 AL 6,SAN GIULIANO TERME
DE GIORGI ENNIO ,5 - A,SNC,PISA
DE MARCHI ,36 - B,TUTTI,SAN GIULIANO TERME
DE MICHELE JACOPO DETTO IL GERA ,22 - A,TUTTI,PISA
DE NICOLA ENRICO ,10 - B,TUTTI,CASCINA
DE NITTIS ,43 - B,TUTTI,SAN GIULIANO TERME
DE PINEDO FRANCESCO ,1 - B,TUTTI,PISA
DE PRETIS AGOSTINO ,6 - A,TUTTI,PISA
DE ROSSI PROPERZIA ,36 - B,TUTTI,SAN GIULIANO TERME
DE RUGGIERO GUIDO ,14 - A,TUTTI,PISA
DE SANCTIS ,15 - A,TUTTI,SAN GIULIANO TERME
DE SANCTIS FRANCESCO ,24 - A,TUTTI,PISA
DEGAZIA ,29 - A,SNC,PISA
DEGLI UBALDI BALDO ,17 - A,TUTTI,PISA
DEGLI UBERTI FAZIO ,22 - B,TUTTI,PISA
DEL LANTE CAMILLA ,3 - B,TUTTI,PISA
DEL PRETE CARLO ,1 - B,TUTTI,PISA
DEL ROSSO FEDERICO ,17 - A,TUTTI,PISA
DEL SARTO ANDREA ,22 - B,TUTTI,PISA
DEL TORTO GIUSEPPE ,12 - A,TUTTI,CASCINA
DEL VAGA PIERIN ,30 - A,TUTTI,PISA
DELEDDA GRAZIA ,10 - B,SNC,CASCINA
DELEDDA GRAZIA ,28 - A,TUTTI,PISA
DELEDDA GRAZIA ,33 - B,TUTTI,VECCHIANO
DELEDDA GRAZIA ,36 - A,TUTTI,SAN GIULIANO TERME
DELLA FAGGIOLA UGUCCIONE ,23 - A,TUTTI,PISA
DELLA PURA ALFREDO ,24 - A,TUTTI,PISA
DELLA SPINA ALESSANDRO ,2 - A,TUTTI,PISA
DELL'OMODARME GIUSEPPE ,6 - A,TUTTI,PISA
DERNA ,19 - A,TUTTI,PISA
DI BALDUCCIO GIOVANNI ,29 - A,TUTTI,PISA
DI CALCUTTA MADRE TERESA ,1 - B,TUTTI,PISA
DI CAMAINO TINO ,22 - A,TUTTI,PISA
DI GIACOMO ,40 - A,TUTTI,SAN GIULIANO TERME
DI LUPO PARRA PIETRO ,11 - B,TUTTI,CASCINA
DI PARI ,41 - B,TUTTI,CALCI
DI PIETRO CECCO ,24 - A,TUTTI,PISA
DI PUCCIO PIERO ,4 - B,TUTTI,PISA
DI SAVOIA MAFALDA ,19 - B,TUTTI,PISA
DI SIMONE GIOVANNI ,18 - B,TUTTI,PISA
DI SIMONE GIOVANNI ,44,2,PISA
DI TEDICE ENRICO ,19 - A,TUTTI,PISA
DI VITTORIO GIUSEPPE ,18 - B,TUTTI,PISA
DI VITTORIO GIUSEPPE ,32 - A,TUTTI,VECCHIANO
DI VITTORIO GIUSEPPE ,36 - A,DAL 27 AL 39 DAL 20 AL 26/B,SAN GIULIANO TERME
DI VITTORIO GIUSEPPE ,37 - A,DAL 51 AL 83 DAL 28 AL 58,SAN GIULIANO TERME
DI VITTORIO GIUSEPPE ,38 - A,DAL 9 AL 25 DAL 6 AL 22/A,SAN GIULIANO TERME
DI VITTORIO GIUSEPPE ,38 - B,DAL 5 AL 7 DAL 2 AL 4,SAN GIULIANO TERME
DI VITTORIO GIUSEPPE ,39 - A,DAL 3 AL 3/A,SAN GIULIANO TERME
DI VITTORIO GIUSEPPE ,9 - B,TUTTI,CASCINA
DIACONO ENRICO ,27 - A,TUTTI,PISA
DIAZ ARMANDO ,24 - B,TUTTI,PISA
DIGIONE ,7 - A,TUTTI,PISA
DINI ULISSE ,16 - B,DAL 2 AL 26,PISA
DINI ULISSE ,24 - B,TUTTI,SAN GIULIANO TERME
DINI ULISSE ,34 - A,TUTTI,VECCHIANO
DINI ULISSE ,39 - A,TUTTI,SAN GIULIANO TERME
DINI ULISSE ,50,83; 85,SAN GIULIANO TERME
DINUCCI MARINO ,39 - B,TUTTI,SAN GIULIANO TERME
DINUCCI OTTORINO ,36 - A,TUTTI,SAN GIULIANO TERME
DIOTISALVI ,21 - B,TUTTI,PISA
DIOTISALVI ,47,2,PISA
DOGALI ,6 - A,TUTTI,PISA
D'OMBRA ,33 - A,TUTTI,VECCHIANO
DON MINZONI ,32 - A,TUTTI,VECCHIANO
DON MINZONI ,41 - B,TUTTI,CALCI
DONADONI EUGENIO ,17 - A,TUTTI,PISA
DONATELLO ,30 - A,TUTTI,PISA
DONATELLO ,39 - B,TUTTI,SAN GIULIANO TERME
DONATI GIOVAN BATTISTA ,16 - B,TUTTI,PISA
DONATORI DI SANGUE ,14 - A,SNC,PISA
DONIZETTI GAETANO ,30 - B,TUTTI,PISA
DONIZETTI GAETANO ,38 - A,TUTTI,SAN GIULIANO TERME
DONZELLE ,16 - B,TUTTI,PISA
DOSSI CARLO ,36 - B,TUTTI,SAN GIULIANO TERME
DOVA GIANNI ,39 - A,TUTTI,SAN GIULIANO TERME
DUE ARNI ,30 - B,TUTTI,PISA
DUE ARNI ,47,15,PISA
DUE GIUGNO ,46,30,CASCINA
DUE GIUGNO ,9 - B,TUTTI,CASCINA
DUE SETTEMBRE ,29 - A,TUTTI,PISA
DUNANT JEAN HENRY ,8 - A,TUTTI,PISA
DUODO DUODI ,27 - B,TUTTI,PISA
DUOMO ,23 - B,TUTTI,PISA
DUSE ELEONORA ,28 - B,TUTTI,PISA
EDERA ,26 - B,TUTTI,PISA
EDISON THOMAS ALVA ,24 - B,TUTTI,SAN GIULIANO TERME
EINAUDI LUIGI ,10 - B,TUTTI,CASCINA
EINSTEIN ,36 - B,TUTTI,SAN GIULIANO TERME
ELBA ,29 - B,TUTTI,PISA
EMANUELE FILIBERTO DUCA D'AOSTA ,18 - B,TUTTI,PISA
EMILIA ,44,195,PISA
EMILIA ,46,450,PISA
EMILIA ,5 - A,DAL 259 AL 265 DAL 372 AL 430,PISA
EMILIA ,5 - B,DAL273 AL 359 DAL434 AL 460,PISA
EMILIA ,6 - B,DAL 1 AL 257 DAL 2 AL 370/A,PISA
ERBOSA ,31 - B,TUTTI,SAN GIULIANO TERME
ERBOSA ,35 - A,TUTTI,VECCHIANO
ERBOSA ,36 - A,TUTTI,SAN GIULIANO TERME
ERICHE ,26 - B,TUTTI,PISA
EROTE ,39 - B,TUTTI,SAN GIULIANO TERME
ESPERANTO ,14 - A,TUTTI,PISA
EUCLIDE ,39 - A,TUTTI,SAN GIULIANO TERME
EUGENIO III ,42 - B,TUTTI,CALCI
FABBRICONE PONTECORVO ,15 - A,TUTTI,SAN GIULIANO TERME
FABRONI ANGELO ,30 - B,TUTTI,PISA
FACCHINI ,3 - B,TUTTI,PISA
FACCHINI ,3 - B,TUTTI,PISA
FAGIANA ,5 - B,DAL 74 AL 132,PISA
FAGIANA ,7 - A,DAL 1 AL 11/B DAL 2 AL 72/A,PISA
FAGIANO ,5 - A,TUTTI,PISA
FALCATA ,34 - A,TUTTI,VECCHIANO
FALCIONE ,40 - A,TUTTI,SAN GIULIANO TERME
FALCONCINI RENATO ,17 - A,TUTTI,PISA
FALCONE E BORSELLINO ,34 - A,TUTTI,VECCHIANO
FALCONE GIOVANNI ,24 - B,TUTTI,PISA
FANCELLI ,36 - A,TUTTI,SAN GIULIANO TERME
FANCELLI PANDOLFO ,21 - B,TUTTI,PISA
FASANNA ,19 - B,TUTTI,PISA
FATTORI GIOVANNI ,37 - B,TUTTI,SAN GIULIANO TERME
FATTORIA ,40 - B,TUTTI,SAN GIULIANO TERME
FAVILLI NARCISO ,14 - B,TUTTI,PISA
FEDELI CARLO ,18 - B,TUTTI,PISA
FEDERIGHI SABATINO ,30 - B,TUTTI,PISA
FEDI PADRE BRUNO ,21 - A,TUTTI,PISA
FELCI ,26 - B,TUTTI,PISA
FELICI RICCARDO ,17 - A,DAL 1 AL 19,PISA
FELICI RICCARDO ,17 - A,DAL 2 AL 12,PISA
FELICI RICCARDO ,37 - A,TUTTI,SAN GIULIANO TERME
FELLONICA ,41 - B,TUTTI,CALCI
FEO ,32 - A,TUTTI,VECCHIANO
FERMI ENRICO ,19 - A,TUTTI,PISA
FERMI ENRICO ,33 - B,TUTTI,VECCHIANO
FERMI ENRICO ,43 - B,TUTTI,SAN GIULIANO TERME
FERRARI ENZO ,33 - A,TUTTI,VECCHIANO
FERRARI GIUSEPPE ,6 - A,TUTTI,PISA
FERRARI LUIGI ,39 - B,TUTTI,SAN GIULIANO TERME
FERRARIS GALILEO ,46,11,PISA
FERRARIS GALILEO ,5 - B,TUTTI,PISA
FERRERO ,43 - B,TUTTI,SAN GIULIANO TERME
FERRONI PIETRO ,6 - B,TUTTI,PISA
FERROVIA ,6 - A,TUTTI,PISA
FERRUCCI ,36 - A,TUTTI,SAN GIULIANO TERME
FERRUCCI FRANCESCO ,36 - A,TUTTI,SAN GIULIANO TERME
FIBONACCI ,34 - B,TUTTI,VECCHIANO
FIBONACCI ,37 - A,TUTTI,SAN GIULIANO TERME
FIBONACCI LEONARDO ,2 - B,TUTTI,PISA
FIENILACCIO ,41 - B,TUTTI,CALCI
FIGURETTA ,24 - B,TUTTI,PISA
FILIDEI PALMIRO ,42 - A,TUTTI,CALCI
FILZI ,37 - B,TUTTI,SAN GIULIANO TERME
FILZI FABIO ,20 - A,TUTTI,PISA
FINLANDIA ,14 - A,TUTTI,PISA
FIORDALISI ,43 - B,TUTTI,SAN GIULIANO TERME
FIORE GENNARO ,13 - B,TUTTI,PISA
FIORENTINA ,46,483,PISA
FIORENTINA ,46,414,PISA
FIORENTINA ,6 - B,DAL 1 AL 145 DAL 2 AL 48,PISA
FIORENTINA ,7 - A,DAL 291 AL 421/D DAL 322 AL 404/A,PISA
FIORENTINA ,8 - A,DAL 149 AL 279 DAL 88 AL 320/A,PISA
FIORENTINA ,8 - B,DAL 425 AL 621 DAL 406 AL 572,PISA
FIORI ,26 - B,TUTTI,PISA
FIRENZE ,20 - B,TUTTI,PISA
FIRENZE ,42 - B,TUTTI,CALCI
FISCHIONE ,32 - A,TUTTI,VECCHIANO
FISCHIONE ,50,19,VECCHIANO
FLAMINI FRANCESCO ,17 - A,TUTTI,PISA
FLAMINI FRANCESCO ,39 - A,TUTTI,SAN GIULIANO TERME
FOCE ,28 - B,TUTTI,PISA
FOGAZZARO ,17 - B,TUTTI,SAN GIULIANO TERME
FOGLIA ,2 - B,TUTTI,PISA
FONDA ,34 - B,TUTTI,VECCHIANO
FONDA ,7 - A,TUTTI,PISA
FONDACCIO ,37 - B,TUTTI,SAN GIULIANO TERME
FONDO ,40 - B,TUTTI,SAN GIULIANO TERME
FONTANA DIANA ,42 - B,TUTTI,CALCI
FONTANELLE ,40 - B,TUTTI,SAN GIULIANO TERME
FONTE ,42 - B,TUTTI,CALCI
FONTINA ,15 - A,TUTTI,SAN GIULIANO TERME
FORNACE ,7 - B,TUTTI,PISA
FORTEZZA ,2 - B,TUTTI,PISA
FORTI UMBERTO ,5 - A,TUTTI,PISA
FOSCOLO UGO ,15 - B,TUTTI,PISA
FOSCOLO UGO ,17 - B,TUTTI,SAN GIULIANO TERME
FOSCOLO UGO ,33 - B,TUTTI,VECCHIANO
FOSSA NUOVA ,25 - A,TUTTI,PISA
FOSSETTO ,38 - B,TUTTI,SAN GIULIANO TERME
FOSSO ,37 - B,TUTTI,SAN GIULIANO TERME
FOSSO DELLA BUFALINA ,22 - A,TUTTI,PISA
FOSSO VECCHIO ,5 - B,TUTTI,PISA
FRA LE ZAMBRE ,42 - B,TUTTI,CALCI
FRA' MANSUETO ,1 - A,TUTTI,PISA
FRANCARDI ROBERTINO ,27 - B,TUTTI,PISA
FRANCESCHI ,2 - B,TUTTI,PISA
FRANCESCHI CINTO LEOPOLDO ,41 - B,TUTTI,CALCI
FRANTOIO ,38 - B,TUTTI,SAN GIULIANO TERME
FRASCANI VITTORIO ,14 - A,TUTTI,PISA
FRASSINI ,25 - B,TUTTI,PISA
FRATELLI ANTONI ,1 - B,TUTTI,PISA
FRATELLI BANDIERA ,1 - B,TUTTI,PISA
FRATELLI BANDIERA ,12 - A,TUTTI,CASCINA
FRATELLI BANDIERA ,24 - B,TUTTI,SAN GIULIANO TERME
FRATELLI BRONZETTI ,6 - A,TUTTI,PISA
FRATELLI CERVI ,22 - A,TUTTI,PISA
FRATELLI CERVI ,33 - B,TUTTI,VECCHIANO
FRATELLI CERVI ,43 - A,TUTTI,SAN GIULIANO TERME
FRATELLI GAMBINI ,11 - A,TUTTI,CASCINA
FRATELLI GIACOMELLI ,10 - A,TUTTI,CASCINA
FRATELLI GOZZI ,15 - B,TUTTI,PISA
FRATELLI KENNEDY ,11 - B,TUTTI,CASCINA
FRATELLI MANETTI ,9 - A,TUTTI,CASCINA
FRATELLI MELANI GIUSEPPE E FRANCESCO ,18 - A,TUTTI,PISA
FRATELLI ROSSELLI ,10 - B,TUTTI,CASCINA
FRATELLI ROSSELLI ,24 - B,TUTTI,PISA
FRATELLI ROSSELLI ,31 - A,TUTTI,SAN GIULIANO TERME
FRATELLI ROSSELLI ,33 - B,TUTTI,VECCHIANO
FRATTI ANTONIO ,2 - A,TUTTI,PISA
FRATTI ANTONIO ,34 - B,TUTTI,VECCHIANO
FREDIANI ,40 - B,TUTTI,SAN GIULIANO TERME
FRIULI ,13 - B,TUTTI,PISA
FUCINI RENATO ,17 - B,TUTTI,SAN GIULIANO TERME
FUCINI RENATO ,18 - B,TUTTI,PISA
FUCINI RENATO ,32 - A,TUTTI,VECCHIANO
FUNAIOLI GIOVAN BATTISTA ,14 - B,TUTTI,PISA
GABBA CARLO FRANCESCO ,22 - B,TUTTI,PISA
GABER GIORGIO ,11 - B,TUTTI,CASCINA
GADDA CARLO EMILIO ,36 - A,TUTTI,SAN GIULIANO TERME
GADDI TADDEO ,30 - A,TUTTI,PISA
GADDO ,29 - B,TUTTI,PISA
GAGARIN YURI ,9 - B,TUTTI,CASCINA
GAGNO ,22 - A,TUTTI,PISA
GALDI FRANCESCO ,18 - A,TUTTI,PISA
GALDI FRANCESCO ,39 - A,TUTTI,SAN GIULIANO TERME
GALERE ,37 - A,TUTTI,SAN GIULIANO TERME
GALIANI FERDINANDO ,24 - A,TUTTI,PISA
GALILEI GALILEO ,17 - B,TUTTI,SAN GIULIANO TERME
GALILEI GALILEO ,2 - B,TUTTI,PISA
GALILEI GALILEO ,35 - A,TUTTI,VECCHIANO
GALILEI GALILEO ,48,2;24,PISA
GALIMBERTI TANCREDI DETTO DUCCIO ,24 - A,TUTTI,PISA
GALLETTI ,35 - B,TUTTI,VECCHIANO
GALLETTI RANIERI ,30 - B,TUTTI,PISA
GALLI TASSI ANGELO ,19 - A,TUTTI,PISA
GALLORO ,3 - A,TUTTI,PISA
GALLUPPI PASQUALE ,21 - A,TUTTI,PISA
GALLUZZI VITTORIO ,14 - A,TUTTI,PISA
GALVANI ,35 - A,TUTTI,VECCHIANO
GALVANI LUIGI ,23 - B,TUTTI,PISA
GALVANI LUIGI ,37 - A,TUTTI,SAN GIULIANO TERME
GAMBACORTI ,3 - B,TUTTI,PISA
GAMBACORTI ,35 - A,TUTTI,VECCHIANO
GAMBACORTI CHIARA ,2 - B,TUTTI,PISA
GAMBINI GIUSEPPE ,13 - A,TUTTI,PISA
GAMERRA GIAN PAOLO ,20 - A,TUTTI,PISA
GANDHI ,32 - A,TUTTI,VECCHIANO
GANDHI MAHATMA ,15 - B,SNC,PISA
GANGALANDI ,41 - B,TUTTI,CALCI
GARCIA LORCA ,38 - A,TUTTI,SAN GIULIANO TERME
GARDENIE ,25 - B,TUTTI,PISA
GARDENIE ,39 - A,TUTTI,SAN GIULIANO TERME
GARGALONE ,25 - A,TUTTI,PISA
GARIBALDI GIUSEPPE ,16 - B,TUTTI,PISA
GARIBALDI GIUSEPPE ,17 - A,TUTTI,PISA
GARIBALDI GIUSEPPE ,24 - B,TUTTI,SAN GIULIANO TERME
GARIBALDI GIUSEPPE ,35 - B,TUTTI,VECCHIANO
GARIBALDI GIUSEPPE ,41 - B,TUTTI,CALCI
GARIBALDI GIUSEPPE ,48,87,PISA
GAROFANI ,3 - B,TUTTI,PISA
GAROFANI ,39 - A,TUTTI,SAN GIULIANO TERME
GARZELLA ,10 - B,TUTTI,CASCINA
GASPERINI ,17 - B,TUTTI,SAN GIULIANO TERME
GATTAI MARIO ,14 - A,TUTTI,PISA
GATTICI ,25 - B,TUTTI,PISA
GAUDENZI PAGANINO ,14 - B,TUTTI,PISA
GELLO ,24 - B,TUTTI,PISA
GELLO ,50,94,PISA
GELSI ,26 - A,TUTTI,PISA
GELSO ,31 - A,TUTTI,SAN GIULIANO TERME
GELSOMINO ,38 - A,TUTTI,SAN GIULIANO TERME
GEMIGNANI RENELLO ,7 - B,TUTTI,PISA
GENOVA ,21 - A,TUTTI,PISA
GENTILESCHI ORAZIO ,21 - A,TUTTI,PISA
GENTILESCHI ORAZIO E ARTEMISIA ,31 - B,TUTTI,SAN GIULIANO TERME
GENTILI ALFREDO ,6 - B,TUTTI,PISA
GENZIANE ,43 - B,TUTTI,SAN GIULIANO TERME
GERACE GIOVANNI BATTISTA ,14 - A,TUTTI,PISA
GERACE GIOVANNI BATTISTA ,49,Jul-15,PISA
GERANI ,39 - A,TUTTI,SAN GIULIANO TERME
GERESCHI LIVIA ,18 - B,TUTTI,PISA
GERESCHI LIVIA ,39 - B,TUTTI,SAN GIULIANO TERME
GHERARDESCA ALESSANDRO ,43 - B,TUTTI,SAN GIULIANO TERME
GHERARDESCA ALESSANDRO ,5 - B,TUTTI,PISA
GHIBERTI ,39 - B,SNC,SAN GIULIANO TERME
GHINI LUCA ,19 - A,TUTTI,PISA
GHISLERI ARCANGELO ,6 - A,TUTTI,PISA
GIACINTI ,25 - B,TUTTI,PISA
GIACOSA ,17 - B,TUTTI,SAN GIULIANO TERME
GIAMBENE RENATA ,31 - A,TUTTI,SAN GIULIANO TERME
GIANI CECCHINI FAUSTA ,14 - A,TUTTI,PISA
GIANNESSI EGIDIO ,5 - A,SNC,PISA
GIANNONE ,40 - A,11,SAN GIULIANO TERME
GIANNONE ,40 - A,DAL 8 AL 28/A,SAN GIULIANO TERME
GIANNONE ,40 - B,DAL 1 AL 7 DAL 2 AL 6,SAN GIULIANO TERME
GIARDINO ,18 - B,TUTTI,PISA
GIARDINO ,34 - B,TUTTI,VECCHIANO
GIGLI ,39 - A,TUTTI,SAN GIULIANO TERME
GIGLIOLI ITALO ,21 - B,TUTTI,PISA
GINEPRI ,26 - B,TUTTI,PISA
GINESTRE ,26 - B,TUTTI,PISA
GIOBERTI ,24 - B,TUTTI,SAN GIULIANO TERME
GIOBERTI VINCENZO ,17 - A,TUTTI,PISA
GIOLI FRANCESCO ,36 - A,TUTTI,SAN GIULIANO TERME
GIORDANI PIETRO ,24 - A,TUTTI,PISA
GIORDANI PIETRO ,39 - A,TUTTI,SAN GIULIANO TERME
GIORDANO ANDREA ,31 - B,TUTTI,SAN GIULIANO TERME
GIORDANO DA RIVALTO ,23 - B,TUTTI,PISA
GIORGI ,24 - B,TUTTI,SAN GIULIANO TERME
GIOTTO ,30 - A,TUTTI,PISA
GIOTTO ,40 - B,TUTTI,SAN GIULIANO TERME
GIOVANNI XXIII ,11 - B,TUTTI,CASCINA
GIOVANNI XXIII ,37 - A,TUTTI,SAN GIULIANO TERME
GIOVANNINI FERRUCCIO ,13 - A,TUTTI,PISA
GIOVANNINI FERRUCCIO ,48,TUTTI,SAN GIULIANO TERME
GIRASOLI ,26 - B,TUTTI,PISA
GIRASOLI ,39 - A,TUTTI,SAN GIULIANO TERME
GIULIETTI GIUSEPPE MARIA ,43 - A,TUTTI,SAN GIULIANO TERME
GIUNCHETA ,25 - A,TUTTI,PISA
GIUNCHIGLIE ,25 - A,TUTTI,PISA
GIUNTINI MARIO ,12 - B,TUTTI,CASCINA
GIUNTINI MARIO ,46, ACORN 192,CASCINA
GIUNTINI MARIO ,46,204,CASCINA
GIUSTI ,35 - B,TUTTI,VECCHIANO
GIUSTI GIUSEPPE ,1 - B,TUTTI,PISA
GIUSTI GIUSEPPE ,17 - B,TUTTI,SAN GIULIANO TERME
GIUSTI GIUSEPPE ,18 - B,TUTTI,PISA
GIUSTI RENZO ,12 - B,TUTTI,CASCINA
GIUSTI TRA LE NAZIONI ,18 - A,TUTTI,PISA
GLADIOLI ,26 - B,TUTTI,PISA
GLICINI ,26 - B,TUTTI,PISA
GNOCCHI VIANI OSVALDO ,21 - B,TUTTI,PISA
GOBETTI PIERO ,21 - A,TUTTI,PISA
GOBETTI PIERO ,31 - A,TUTTI,SAN GIULIANO TERME
GOBETTI PIERO ,9 - B,TUTTI,CASCINA
GOLDONI CARLO ,15 - B,TUTTI,PISA
GOLDONI CARLO ,17 - B,TUTTI,SAN GIULIANO TERME
GOLENA ,34 - A,TUTTI,VECCHIANO
GOLENA ,36 - A,TUTTI,SAN GIULIANO TERME
GOLETTA ,1 - A,TUTTI,PISA
GONDOLE ,16 - A,TUTTI,PISA
GONFO ,8 - A,TUTTI,PISA
GORGONA ,27 - A,TUTTI,PISA
GORGONA ,9 - B,TUTTI,CASCINA
GORI PIETRO ,11 - B,TUTTI,CASCINA
GORI PIETRO ,2 - B,TUTTI,PISA
GOYA FRANCISCO ,17 - B,TUTTI,SAN GIULIANO TERME
GOZZANO GUIDO ,39 - B,TUTTI,SAN GIULIANO TERME
GOZZI CARLO ,40 - A,TUTTI,SAN GIULIANO TERME
GOZZINI ADRIANO ,5 - B,TUTTI,PISA
GOZZOLI BENOZZO ,17 - B,TUTTI,SAN GIULIANO TERME
GOZZOLI BENOZZO ,7 - A,TUTTI,PISA
GRADINI ,42 - A,TUTTI,SAN GIULIANO TERME
GRAF ARTURO ,40 - B,TUTTI,SAN GIULIANO TERME
GRAMSCI ,2 - A,TUTTI,PISA
GRAMSCI ,39 - B,TUTTI,SAN GIULIANO TERME
GRAMSCI ANTONIO ,11 - B,DAL 8 AL 16,CASCINA
GRAMSCI ANTONIO ,12 - B,DAL 15 AL 51 DAL 2 AL 106,CASCINA
GRAMSCI ANTONIO ,2 - A,TUTTI,PISA
GRAMSCI ANTONIO ,32 - A,TUTTI,VECCHIANO
GRAMSCI ANTONIO ,46,8,CASCINA
GRAMSCI ANTONIO ,49,8,PISA
GRAMUSTELLO ,8 - B,TUTTI,PISA
GRANDI ACHILLE ,21 - B,TUTTI,PISA
GRANDI ACHILLE ,43 - A,TUTTI,SAN GIULIANO TERME
GRANDI ACHILLE ,9 - B,TUTTI,CASCINA
GRANUCCI GIOVANNI ,42 - A,TUTTI,CALCI
GRANUCCIO ,5 - A,TUTTI,PISA
GRASSI RANIERI ,14 - A,TUTTI,PISA
GRASSINI DANTE ,22 - A,TUTTI,PISA
GRIECO RUGGERO ,37 - B,TUTTI,SAN GIULIANO TERME
GRIFFI COCCO ,21 - A,TUTTI,PISA
GRILLETTI ,3 - B,TUTTI,PISA
GRONCHI GIOVANNI ,5 - B,SNC,PISA
GROTTA ,38 - B,SNC,SAN GIULIANO TERME
GUADAGNOLI ANTONIO ,4 - B,TUTTI,PISA
GUADALONGO ,8 - A,TUTTI,PISA
GUALDUCCIO ,27 - B,TUTTI,PISA
GUARDISTALLO ,22 - A,TUTTI,PISA
GUARIGANGHI ,25 - A,TUTTI,PISA
GUELFI GIULIO ,11 - B,DAL 1 AL 149/I DAL 2 AL 128,CASCINA
GUELFI GIULIO ,46,87,CASCINA
GUELFI GIULIO ,9 - B,DAL 151 AL 153 130,CASCINA
GUERRAZZI ,31 - A,TUTTI,SAN GIULIANO TERME
GUERRAZZI FRANCESCO DOMENICO ,2 - A,TUTTI,PISA
GUERRAZZI FRANCESCO DOMENICO ,49,17,PISA
GUGLIELMINETTI AMALIA ,43 - B,TUTTI,SAN GIULIANO TERME
GUIDI CAMILLO ,27 - A,TUTTI,PISA
GUIDICCIONI ,15 - A,TUTTI,SAN GIULIANO TERME
GUINIZZELLI ,15 - A,DAL 2 AL 8,SAN GIULIANO TERME
GUINIZZELLI ,17 - B,DAL 25 AL 27 DAL 24 AL 30,SAN GIULIANO TERME
GUSCELLA ,25 - A,TUTTI,PISA
GUSCELLINA ,5 - A,TUTTI,PISA
GUSMARI LOTARIO ,27 - A,DAL 5 AL 29 DAL 8 AL 68,PISA
GUSMARI LOTARIO ,27 - B,1;2;3,PISA
GUTTUSO RENATO ,32 - A,TUTTI,VECCHIANO
HARING KEITH ,3 - B,TUTTI,PISA
HERMADA ,18 - A,TUTTI,PISA
HO CHI MIN ,36 - B,TUTTI,SAN GIULIANO TERME
IDROVORA ,25 - A,1,PISA
IDROVORA ,5 - A,2,PISA
IMMAGINETTA ,6 - B,TUTTI,PISA
IMPASTATO GIUSEPPE ,19 - B,TUTTI,PISA
IMPASTATO GIUSEPPE ,31 - B,SNC,SAN GIULIANO TERME
IMPASTATO GIUSEPPE ,47,1,PISA
IMPASTATO PEPPINO ,42 - A,TUTTI,CALCI
INDIPENDENZA ,35 - B,TUTTI,VECCHIANO
INDUNO ,40 - B,TUTTI,SAN GIULIANO TERME
INGHIRAMI JACOPO ,27 - A,DAL 3 AL 27 DAL 10 AL 26,PISA
INGHIRAMI JACOPO ,27 - B, 1; 1/A,PISA
INSETATA ,41 - B,TUTTI,CALCI
IOTTI NILDE ,43 - B,TUTTI,SAN GIULIANO TERME
IPPICA ,30 - B,SNC,PISA
ISABELLA ,32 - B,TUTTI,VECCHIANO
ISOLA ,5 - A,TUTTI,PISA
ISOLA BELLA ,29 - B,TUTTI,PISA
ISOLA DEL GIGLIO ,29 - B,TUTTI,PISA
ISOLA DI CAPRAIA ,29 - B,TUTTI,PISA
ISOLA DI GIANNUTRI ,29 - B,TUTTI,PISA
ISOLA DI MONTECRISTO ,28 - A,TUTTI,PISA
ISOLA DI PALMARIA ,28 - A,TUTTI,PISA
ISOLA DI PANTELLERIA ,29 - B,TUTTI,PISA
ISOLA DI PONZA ,28 - A,TUTTI,PISA
ISOLA DI PROCIDA ,29 - B,TUTTI,PISA
ISOLA DI STROMBOLI ,28 - A,TUTTI,PISA
ISOLA DI VULCANO ,29 - B,TUTTI,PISA
ISOLA D'ISCHIA ,29 - B,TUTTI,PISA
ISOLE EGADI ,28 - A,TUTTI,PISA
ISOLE LIPARI ,21 - A,TUTTI,PISA
ISONZO ,22 - B,TUTTI,PISA
ISTRIA ,20 - A,TUTTI,PISA
ITALIA ,3 - B,TUTTI,PISA
ITALIA ,39 - B,TUTTI,SAN GIULIANO TERME
IVIZZA ,27 - B,TUTTI,PISA
KING MARTIN LUTHER ,11 - B,TUTTI,CASCINA
KING MARTIN LUTHER ,20 - B,TUTTI,PISA
KING MARTIN LUTHER ,39 - B,TUTTI,SAN GIULIANO TERME
KING MARTIN LUTHER ,50,146,SAN GIULIANO TERME
KINZICA DEI SISMONDI ,2 - B,TUTTI,PISA
LA MADDALENA ,3 - B,TUTTI,PISA
LA MALFA UGO ,34 - A,TUTTI,VECCHIANO
LA NUNZIATINA ,3 - B,TUTTI,PISA
LA PERGOLA ,23 - B,TUTTI,PISA
LA PIRA GIORGIO ,9 - A,TUTTI,CASCINA
LA PIRA GIORGIO ,9 - A,SNC,CASCINA
LA TINTA ,2 - B,TUTTI,PISA
LA TORRE PIO ,36 - B,TUTTI,SAN GIULIANO TERME
LABRIOLA ANTONIO ,43 - A,TUTTI,SAN GIULIANO TERME
LAIANO ,11 - B,TUTTI,CASCINA
LAIANO DI SOPRA ,11 - A,TUTTI,CASCINA
LAIANO DI SOTTO ,11 - A,TUTTI,CASCINA
LALLI MARIO ,18 - B,TUTTI,PISA
LANDI PASQUALE ,4 - A,TUTTI,PISA
LANFRANCHI ,2 - B,TUTTI,PISA
LANFREDUCCI FRANCESCO ,27 - A,TUTTI,PISA
LASINIO CARLO ,19 - B,TUTTI,PISA
LATO ,41 - B,SNC,CALCI
LAVAGGI FRANCESCO ,7 - A,TUTTI,PISA
LAVAGNA GIOVANNI MARIA ,3 - A,TUTTI,PISA
LAVANDAIE ,40 - B,TUTTI,SAN GIULIANO TERME
LAVATOIO ,4 - B,TUTTI,PISA
LAVORIA ,5 - A,TUTTI,PISA
LAZIO ,13 - B,TUTTI,PISA
LAZZARINO LUCIO ,47,TUTTI,PISA
LAZZERI ,43 - A,TUTTI,SAN GIULIANO TERME
LAZZERI INNOCENZO ,5 - B,TUTTI,PISA
LE CROCIATE ,30 - B,TUTTI,PISA
LE VALLI ,41 - B,SNC,CALCI
LECCI ,26 - A,TUTTI,PISA
LECCI MARIO ,41 - B,TUTTI,CALCI
LECCIO ,38 - B,TUTTI,SAN GIULIANO TERME
LEGA ,37 - B,TUTTI,SAN GIULIANO TERME
LENIN ,24 - A,DAL 117 AL  185 DAL 108 AL 252,SAN GIULIANO TERME
LENIN ,37 - A,DAL 57 AL 115 DAL 40 AL 106/E,SAN GIULIANO TERME
LENIN ,37 - B,DAL 1 AL 65 DAL 2 AL 36,SAN GIULIANO TERME
LENIN ,50,38,SAN GIULIANO TERME
LENZE ,30 - B,TUTTI,PISA
LEONCAVALLO ,43 - A,TUTTI,SAN GIULIANO TERME
LEONE XIII ,7 - B,TUTTI,PISA
LEONI ,36 - A,TUTTI,SAN GIULIANO TERME
LEOPARDI GIACOMO ,15 - A,TUTTI,SAN GIULIANO TERME
LEOPARDI GIACOMO ,23 - A,TUTTI,PISA
LEOPARDI GIACOMO ,33 - B,TUTTI,VECCHIANO
LEOPARDI GIACOMO ,41 - A,TUTTI,CALCI
LEVI PRIMO ,33 - A,TUTTI,VECCHIANO
LEVI PRIMO ,33 - A,TUTTI,VECCHIANO
LIBERAZIONE ,40 - B,TUTTI,SAN GIULIANO TERME
LIBERTA' ,11 - A,TUTTI,CASCINA
LIBERTA' ,32 - A,TUTTI,VECCHIANO
LIBERTA' ,35 - B,TUTTI,VECCHIANO
LIBERTA' ,40 - A,TUTTI,SAN GIULIANO TERME
LIDICE ,39 - B,TUTTI,SAN GIULIANO TERME
LIGURIA ,4 - B,TUTTI,PISA
LIGUSTRI ,25 - A,TUTTI,PISA
LITORANEA ,26 - A,DAL 5 AL 15 DAL 8 AL 64,PISA
LITORANEA ,27 - A,1;2,PISA
LIVENZA ,22 - B,TUTTI,PISA
LIVORNESE ,25 - A,DAL 1285 AL 1313 DAL 768 AL 796,PISA
LIVORNESE ,28 - A,DAL 701 AL 1283 DAL 500 AL 762,PISA
LIVORNESE ,29 - A,DAL 8 AL 76,PISA
LIVORNESE ,29 - B,DAL 1 AL 697/A DAL 84 AL 498,PISA
LIVORNESE ,47,621,PISA
LIVORNESE ,47,897,PISA
LOCATELLI ANTONIO ,20 - A,TUTTI,PISA
LOCCHI VITTORIO ,19 - A,5,PISA
LOMBARDI ,32 - A,TUTTI,VECCHIANO
LOMBARDI GINO ,22 - A,TUTTI,PISA
LOMBARDIA ,13 - B,TUTTI,PISA
LOMI AURELIO ,30 - A,TUTTI,PISA
LORENZINI ORLANDO GENERALE ,24 - B,TUTTI,PISA
LORENZO IL MAGNIFICO ,17 - B,TUTTI,SAN GIULIANO TERME
LORI GUGLIELMO AMEDEO ,27 - B,TUTTI,PISA
LUCANIA ,13 - B,TUTTI,PISA
LUCCHESE ,20 - A,DAL 1 AL 67 DAL 2 AL 62/C,PISA
LUCCHESE ,20 - B,DAL 69 AL 93 DAL 2 AL 48,PISA
LUCCHESE ,37 - B,TUTTI,SAN GIULIANO TERME
LUCCHESI ,38 - A,TUTTI,SAN GIULIANO TERME
LUNGOMONTE PISANO ,42 - A,TUTTI,CALCI
LUSCHI SILVIO ,4 - B,TUTTI,PISA
LUSSU EMILIO ,32 - A,TUTTI,VECCHIANO
LUTERO MARTIN ,13 - A,SNC,PISA
LUXEMBOURG ROSA ,38 - A,TUTTI,SAN GIULIANO TERME
LUZZATTO GINO ,14 - A,TUTTI,PISA
MACCATELLA ,13 - B,TUTTI,PISA
MACCATELLA ,49,6,PISA
MACHIAVELLI ,17 - B,TUTTI,SAN GIULIANO TERME
MADONNONI ,42 - B,TUTTI,CALCI
MAESTRI DEL LAVORO ,21 - B,TUTTI,PISA
MAFFI PIETRO CARDINALE ,23 - A,TUTTI,PISA
MAGAGNA ,34 - B,TUTTI,VECCHIANO
MAGELLANO FERDINANDO ,28 - B,TUTTI,PISA
MAGENTA ,19 - A,TUTTI,PISA
MAGENTA ,37 - A,TUTTI,SAN GIULIANO TERME
MAGGIOLA ,39 - A,TUTTI,SAN GIULIANO TERME
MAGGIORE DI ORATOIO ,5 - B,DAL 76 AL 102,PISA
MAGGIORE DI ORATOIO ,8 - B,DAL 1 AL 135 DAL 2 AL 74/A,PISA
MAGNANI ANNA ,32 - B,TUTTI,VECCHIANO
MAGNOLIE ,25 - B,TUTTI,PISA
MAGNOLIE ,38 - B,TUTTI,SAN GIULIANO TERME
MAIOLICHE ,18 - B,TUTTI,PISA
MAIORCA ,27 - B,TUTTI,PISA
MAIORCA ,47,81/A,PISA
MALAGOLI GIUSEPPE ,14 - B,TUTTI,PISA
MALASOMA GAETANO ,8 - B,TUTTI,PISA
MALATESTA ENRICO ,7 - A,TUTTI,PISA
MALPIGHI MARCELLO ,5 - B,TUTTI,PISA
MAMELI ,37 - A,TUTTI,SAN GIULIANO TERME
MAMELI GOFFREDO ,6 - A,TUTTI,PISA
MANCINI AUGUSTO ,17 - A,TUTTI,PISA
MANDER DON CALLISTO ,27 - B,TUTTI,PISA
MANDORLI ,26 - A,TUTTI,PISA
MANIN DANIELE ,22 - B,TUTTI,PISA
MANIN DANIELE ,34 - B,TUTTI,VECCHIANO
MANNOCCI ADOLFO ,12 - A,TUTTI,CASCINA
MANTEGNA ,39 - B,TUTTI,SAN GIULIANO TERME
MANTEGNA ANDREA ,30 - A,TUTTI,PISA
MANZONI ,33 - B,TUTTI,VECCHIANO
MANZONI ALESSANDRO ,17 - B,TUTTI,SAN GIULIANO TERME
MANZONI ALESSANDRO ,3 - B,TUTTI,PISA
MARAGONE BERNARDO ,29 - A,TUTTI,PISA
MARANGONI MATTEO ,24 - B,TUTTI,PISA
MARCHE ,20 - A,TUTTI,PISA
MARCHESI CONCETTO ,35 - A,TUTTI,VECCHIANO
MARCONI GUGLIELMO ,1 - B,TUTTI,PISA
MARCONI GUGLIELMO ,35 - A,TUTTI,VECCHIANO
MARCONI GUGLIELMO ,42 - A,TUTTI,CALCI
MARCONI GUGLIELMO ,43 - B,TUTTI,SAN GIULIANO TERME
MARE ,32 - B,TUTTI,VECCHIANO
MARGHERITE ,25 - B,TUTTI,PISA
MARGHERITE ,39 - A,TUTTI,SAN GIULIANO TERME
MARGHESI CONCETTO ,14 - A,TUTTI,PISA
MARINAI D'ITALIA ,29 - A,SNC,PISA
MARINO GIAMBATTISTA ,15 - B,TUTTI,PISA
MARIO ALBERTO ,3 - B,TUTTI,PISA
MARISCOGLIO ,13 - B,TUTTI,PISA
MARMICCIOLO ,5 - B,TUTTI,PISA
MARMICETO ,5 - B,TUTTI,PISA
MARMIGLIAIO ,22 - B,TUTTI,PISA
MARMO ,31 - B,TUTTI,SAN GIULIANO TERME
MARSALA ,7 - A,TUTTI,PISA
MARTELLO ,1 - A,TUTTI,PISA
MARTINI SIMONE ,21 - A,TUTTI,PISA
MARTIRI ,23 - A,TUTTI,PISA
MARTIRI DELLA LIBERTA' ,18 - B,TUTTI,PISA
MARTIRI DELLA LIBERTA' ,44,33,PISA
MARTIRI DELLA ROMAGNA ,38 - B,TUTTI,SAN GIULIANO TERME
MARTIRI DELLE ARDEATINE ,22 - A,TUTTI,PISA
MARTIRI DI MARZABOTTO ,35 - B,TUTTI,VECCHIANO
MARTIRI DI NASSIRIYA ,9 - A,TUTTI,CASCINA
MARTRAVERSO ,22 - A,TUTTI,SAN GIULIANO TERME
MARX CARLO ,38 - A,TUTTI,SAN GIULIANO TERME
MARZABOTTO ,22 - A,TUTTI,PISA
MARZAIOLO ,32 - A,TUTTI,VECCHIANO
MASACCIO ,39 - B,TUTTI,SAN GIULIANO TERME
MASACCIO ,4 - B,TUTTI,PISA
MASCA ENRICO ,27 - A,TUTTI,PISA
MASCAGNI ,34 - A,TUTTI,VECCHIANO
MASCAGNI PIETRO ,3 - A,TUTTI,PISA
MASCAGNI PIETRO ,43 - A,TUTTI,SAN GIULIANO TERME
MASSARENTI GIUSEPPE ,19 - B,TUTTI,PISA
MASSEI COSTANTINO NELLO ,5 - B,TUTTI,PISA
MATTARELLA PIERSANTI ,36 - B,TUTTI,SAN GIULIANO TERME
MATTEOTTI ,32 - B,TUTTI,VECCHIANO
MATTEOTTI GIACOMO ,39 - A,DAL 65/A AL 105 DAL 86 AL 140,SAN GIULIANO TERME
MATTEOTTI GIACOMO ,39 - B,DAL 3/B AL 63 DAL 4 AL 84,SAN GIULIANO TERME
MATTEOTTI GIACOMO ,4 - B,TUTTI,PISA
MATTEUCCI CARLO ,14 - A,DAL 36 AL 38/G,PISA
MATTEUCCI CARLO ,14 - B,DAL 1 AL 93 DAL 2 AL 54,PISA
MAZZEI FILIPPO ,13 - A,TUTTI,PISA
MAZZINI ,37 - A,TUTTI,SAN GIULIANO TERME
MAZZINI GIUSEPPE  ,16 - A,TUTTI,PISA
MAZZINI GIUSEPPE Piazza,3 - B,TUTTI,PISA
MAZZINI GIUSEPPE ,32 - B,TUTTI,VECCHIANO
MAZZINI GIUSEPPE ,33 - B,TUTTI,VECCHIANO
MAZZINI GIUSEPPE ,36 - A,TUTTI,SAN GIULIANO TERME
MAZZINI GIUSEPPE ,37 - A,TUTTI,SAN GIULIANO TERME
MAZZINI GIUSEPPE ,50,12,VECCHIANO
MAZZOLARI DON PRIMO ,15 - B,SNC,PISA
MAZZONI GIUSEPPE ,6 - A,TUTTI,PISA
MECENI ,40 - A,TUTTI,SAN GIULIANO TERME
MECHERINI ,3 - B,TUTTI,PISA
MEDAGLIE D'ORO ,18 - A,TUTTI,PISA
MEDICEO ,16 - A,TUTTI,PISA
MELANO ,41 - B,TUTTI,CALCI
MELI ,40 - B,TUTTI,SAN GIULIANO TERME
MENEGHINI GIUSEPPE ,14 - B,TUTTI,PISA
MENICHINI ARDUINO ,42 - A,TUTTI,CALCI
MENOTTI CIRO ,16 - B,TUTTI,PISA
MENTANA ,7 - B,TUTTI,PISA
MERCANTI ,16 - B,TUTTI,PISA
MERCATO ,34 - A,TUTTI,VECCHIANO
MERLO CLEMENTE ,14 - A,TUTTI,PISA
METASTASIO PIETRO ,15 - A,TUTTI,SAN GIULIANO TERME
MEUCCI ,43 - B,TUTTI,SAN GIULIANO TERME
MEUCCI ANTONIO ,46,36,PISA
MEUCCI ANTONIO ,5 - B,DAL 20 AL 26,PISA
MEUCCI ANTONIO ,8 - B,DAL 1 AL 15 DAL 2 AL 18,PISA
MEZZANA ,13 - A,TUTTI,PISA
MEZZANINA ,25 - A,TUTTI,PISA
MEZZAPIAGGIA ,25 - A,SNC,PISA
MEZZO ,6 - A,TUTTI,PISA
MEZZO NORD ,11 - A,DAL 223 AL 661 DAL 172 AL 384,CASCINA
MEZZO SUD ,10 - A,136;223,CASCINA
MEZZO SUD ,12 - B,DAL 59 AL 131 DAL 88 AL 138,CASCINA
MICHELANGELO ,30 - A,TUTTI,PISA
MICHELANGELO ,47,5,PISA
MIGLIOLI GUIDO ,19 - B,TUTTI,PISA
MILANI DON LORENZO ,7 - B,TUTTI,PISA
MILANO ,20 - B,TUTTI,PISA
MILAZZO ,27 - A,DAL 101 AL 181 DAL 48 AL 118,PISA
MILAZZO ,27 - B,DAL 1 AL 99 DAL 2 AL 46,PISA
MILLE ,12 - B,TUTTI,CASCINA
MILLE ,23 - A,TUTTI,PISA
MILLE ,34 - B,TUTTI,VECCHIANO
MIMOSE ,25 - B,TUTTI,PISA
MIMOSE ,42 - A,TUTTI,CALCI
MINORCA ,27 - B,TUTTI,PISA
MINORE ,29 - B,TUTTI,PISA
MINZONI DON GIOVANNI ,2 - A,TUTTI,PISA
MINZONI DON GIOVANNI ,40 - B,TUTTI,SAN GIULIANO TERME
MODIGLIANI ,38 - A,TUTTI,SAN GIULIANO TERME
MODIGLIANI AMEDEO ,11 - A,TUTTI,CASCINA
MOGGI SIRIO ,12 - B,TUTTI,CASCINA
MOLINETTO ,42 - B,TUTTI,CALCI
MOLINGRANDE ,41 - A,TUTTI,CALCI
MOLINI ,34 - A,TUTTI,VECCHIANO
MOLINI ,38 - B,TUTTI,SAN GIULIANO TERME
MOLINO ,10 - B,TUTTI,CASCINA
MOLINO ,37 - B,TUTTI,SAN GIULIANO TERME
MOLINO ,40 - B,TUTTI,SAN GIULIANO TERME
MOLINO DI CIAPETTO ,41 - B,TUTTI,CALCI
MOLISE ,20 - A,TUTTI,PISA
MOMIGLIANO ATTILIO ,15 - B,TUTTI,PISA
MONGINEVRO ,8 - A,SNC,PISA
MONTALE EUGENIO ,15 - A,TUTTI,SAN GIULIANO TERME
MONTALE EUGENIO ,34 - B,TUTTI,VECCHIANO
MONTANELLI GIUSEPPE ,1 - A,DAL 1 AL 19 DAL 2 AL 44,PISA
MONTANELLI GIUSEPPE ,1 - B,DAL 25 AL 97 DAL 46 AL 126,PISA
MONTANELLI GIUSEPPE ,6 - A,DAL 101 AL 167 DAL 130 AL 256,PISA
MONTE ,16 - B,TUTTI,PISA
MONTE BIANCO ,45,4,PISA
MONTE BIANCO ,8 - A,TUTTI,PISA
MONTE GRAPPA ,21 - A,TUTTI,PISA
MONTE ORTIGARA ,18 - A,TUTTI,PISA
MONTE ROSA ,8 - A,TUTTI,PISA
MONTE SERRA ,41 - B,TUTTI,CALCI
MONTELLO ,18 - A,TUTTI,PISA
MONTELUNGO ,19 - B,TUTTI,PISA
MONTEROTONDO ,7 - B,TUTTI,PISA
MONTESSORI ,38 - A,TUTTI,SAN GIULIANO TERME
MONTEVERDI ,42 - A,TUTTI,CALCI
MONTEVERDI ,43 - A,TUTTI,SAN GIULIANO TERME
MONTI VINCENZO ,24 - A,TUTTI,PISA
MONTI VINCENZO ,33 - B,TUTTI,VECCHIANO
MONTICELLO ,35 - A,TUTTI,VECCHIANO
MONTICELLO ,38 - B,SNC,SAN GIULIANO TERME
MONTIONI ,32 - B,SNC,VECCHIANO
MORANDI CARLO ,14 - A,TUTTI,PISA
MORANTE ,40 - B,TUTTI,SAN GIULIANO TERME
MORELLI ,37 - B,TUTTI,SAN GIULIANO TERME
MORICONI PIETRO ,27 - B,TUTTI,PISA
MORIGLIONE ,32 - A,TUTTI,VECCHIANO
MORO ,48,TUTTI,PISA
MORTELLE ,26 - B,TUTTI,PISA
MORUZZI GIUSEPPE ,48,TUTTI,PISA
MOSSA LORENZO ,15 - B,TUTTI,PISA
MOSSOTTI OTTAVIANO ,2 - B,TUTTI,PISA
MOZART AMADEUS ,43 - A,TUTTI,SAN GIULIANO TERME
MOZZO ,2 - B,TUTTI,PISA
MOZZONI ANNA MARIA ,39 - A,TUTTI,SAN GIULIANO TERME
MUGHETTI ,26 - A,TUTTI,PISA
MULINACCIO ,5 - A,TUTTI,PISA
MURA DEI FRATI ,42 - B,TUTTI,CALCI
MURACCIA ,35 - A,TUTTI,VECCHIANO
MURATORI LUDOVICO ANTONIO ,22 - A,TUTTI,SAN GIULIANO TERME
MURELLA ,31 - A,DAL 1 AL 85 DAL 2 AL 13,SAN GIULIANO TERME
MURELLA ,36 - B,87; 87/A 152; 154,SAN GIULIANO TERME
MURRI DON RENZO ,31 - A,TUTTI,SAN GIULIANO TERME
MUSIGLIANO ,10 - B,TUTTI,CASCINA
MUSIGLIANO ,46,88,CASCINA
NANO ,42 - B,TUTTI,CALCI
NAPOLEONE ,43 - B,TUTTI,SAN GIULIANO TERME
NAPOLI ,20 - B,TUTTI,PISA
NAPOLI ,42 - B,TUTTI,CALCI
NARCISI ,26 - B,TUTTI,PISA
NATALI ,41 - B,TUTTI,CALCI
NATISONE ,22 - B,TUTTI,PISA
NEGRI ADA ,31 - A,TUTTI,SAN GIULIANO TERME
NELLI MARINELLO ,21 - A,TUTTI,PISA
NENNI PIETRO ,14 - A,TUTTI,PISA
NENNI PIETRO ,49,26;30,PISA
NERI POMPEO ,31 - A,TUTTI,SAN GIULIANO TERME
NERUDA PABLO ,10 - B,TUTTI,CASCINA
NERUDA PABLO ,38 - A,TUTTI,SAN GIULIANO TERME
NEWTON ,36 - B,TUTTI,SAN GIULIANO TERME
NICCOLI VITTORIO ,21 - B,TUTTI,PISA
NICCOLINI GIOVAN BATTISTA ,22 - B,TUTTI,PISA
NICCOLINI GIOVAN BATTISTA ,39 - B,TUTTI,SAN GIULIANO TERME
NICCOLINI GIOVAN BATTISTA ,39 - B,DAL 3 AL 81 DAL 4 AL 78,SAN GIULIANO TERME
NICCOLINI GIOVAN BATTISTA ,40 - A,85; 87 DAL 82 AL 90,SAN GIULIANO TERME
NICCOLINI GIOVAN BATTISTA ,50,25,SAN GIULIANO TERME
NICOLODI AURELIO ,11 - B,TUTTI,CASCINA
NICOSIA ,42 - B,TUTTI,CALCI
NIEVO IPPOLITO ,24 - A,TUTTI,PISA
NIEVO IPPOLITO ,24 - B,TUTTI,SAN GIULIANO TERME
NIOSI FRANCESCO ,3 - A,TUTTI,PISA
NISI VENANZIO ,3 - A,TUTTI,PISA
NISTRI GIOVANNI ,39 - A,TUTTI,SAN GIULIANO TERME
NOCELLI ,7 - B,TUTTI,PISA
NOCETTI ,41 - A,TUTTI,CALCI
NORVEGIA ,4 - A,TUTTI,PISA
NOTARI ,16 - B,TUTTI,PISA
NOVECCHIO ,5 - B,TUTTI,PISA
NOVELLA AGOSTINO ,9 - B,TUTTI,CASCINA
NOVELLI ENRICO DETTO YAMBO ,13 - A,TUTTI,PISA
NUDO ,13 - B,TUTTI,PISA
NUGOLAIO ,25 - A,SNC,PISA
NUOVA ,10 - B,TUTTI,CASCINA
NUOVA ,32 - A,TUTTI,VECCHIANO
NUOVA ,41 - B,TUTTI,CALCI
NUOVA ORATOIO ,7 - A,TUTTI,PISA
NUOVO ,39 - B,TUTTI,SAN GIULIANO TERME
NUVOLARI TAZIO ,33 - A,TUTTI,VECCHIANO
OASI ,32 - B,SNC,VECCHIANO
OBERDAN ,33 - B,TUTTI,VECCHIANO
OBERDAN ,42 - B,TUTTI,CALCI
OBERDAN GUGLIELMO ,16 - B,TUTTI,PISA
OCCHIO ,3 - B,TUTTI,PISA
OLBIA ,20 - B,TUTTI,PISA
OLEANDRI ,26 - A,DAL 1 AL 29 DAL 2 AL 22/I,PISA
OLEANDRI ,26 - B,DAL 31 AL  73 DAL 24 AL  52,PISA
OLIVA GIOVAN BATTISTA ,46,8,PISA
OLIVA GIOVAN BATTISTA ,5 - B,TUTTI,PISA
OLIVI ,40 - A,TUTTI,SAN GIULIANO TERME
OLMI ,7 - A,TUTTI,PISA
OLMO ,42 - B,TUTTI,CALCI
OMBERALDI ,42 - B,TUTTI,CALCI
OMODEO ADOLFO ,14 - A,TUTTI,PISA
ONTANETO ,41 - B,SNC,CALCI
ONTANI ,26 - B,TUTTI,PISA
ORAFI ,16 - A,TUTTI,PISA
ORATOIO ,7 - A,DAL 1 AL 71 DAL 2 AL 102,PISA
ORATOIO ,8 - B,SNC,PISA
ORATOIO ,8 - B,DAL 73 AL 157 DAL 104 AL 232/A,PISA
ORCHIDEE ,25 - B,TUTTI,PISA
ORCHIDEE ,31 - A,TUTTI,SAN GIULIANO TERME
ORDINE DI SANTO STEFANO ,27 - A,DAL 81 AL 263 DAL 84/A AL 172,PISA
ORDINE DI SANTO STEFANO ,27 - B,DAL 1/B AL 79 DAL 2 AL  80,PISA
ORIANI ,17 - B,TUTTI,SAN GIULIANO TERME
ORLANDI DEODATO ,28 - B,TUTTI,PISA
ORLANDI ILDEBRANDO ,27 - A,TUTTI,PISA
ORLANDI LAMBERTO ,27 - A,TUTTI,PISA
ORNELLO ,25 - B,TUTTI,PISA
ORO ,2 - B,TUTTI,PISA
ORTENSIE ,26 - B,TUTTI,PISA
OTTO MARZO ,9 - B,TUTTI,CASCINA
OZERETTO ,20 - A,TUTTI,PISA
PACE ,35 - A,TUTTI,VECCHIANO
PACINOTTI ,42 - A,TUTTI,CALCI
PACINOTTI ,43 - B,TUTTI,SAN GIULIANO TERME
PACINOTTI ANTONIO ,23 - B,TUTTI,PISA
PACINOTTI ANTONIO ,34 - B,TUTTI,VECCHIANO
PACINOTTI ANTONIO ,48,33;43;46;49;51,PISA
PACIOLI LUCA ,4 - A,TUTTI,PISA
PADULE ,14 - A,TUTTI,PISA
PADULETTO ,35 - B,TUTTI,VECCHIANO
PADULETTO ,42 - A,TUTTI,CALCI
PAGANELLI ,42 - B,TUTTI,CALCI
PAGANINI NICOLO' ,43 - A,TUTTI,SAN GIULIANO TERME
PAGLIARELLI ,41 - B,TUTTI,CALCI
PALAMIDESSI COSIMO ,40 - B,TUTTI,SAN GIULIANO TERME
PALANCHE ,31 - A,TUTTI,SAN GIULIANO TERME
PALAZZETTO ,15 - A,TUTTI,SAN GIULIANO TERME
PALAZZI ,5 - A,TUTTI,PISA
PALERMO ,20 - B,TUTTI,PISA
PALESTRO ,16 - A,TUTTI,PISA
PALESTRO ,44,39,PISA
PALLA A CORDA ,16 - A,TUTTI,PISA
PANCACCI ,40 - A,TUTTI,SAN GIULIANO TERME
PANCALDI GIOVANNI ,21 - B,TUTTI,PISA
PANCALE ,6 - A,TUTTI,PISA
PANICUCCI SEVERINO ,11 - B,TUTTI,CASCINA
PANORAMICA ,35 - A,TUTTI,VECCHIANO
PANORAMICA ,38 - B,TUTTI,SAN GIULIANO TERME
PANTANI MARCO ,33 - A,TUTTI,VECCHIANO
PAOLI PASQUALE ,45,19,PISA
PAOLO VI ,13 - A,TUTTI,PISA
PAPA GIOVANNI PAOLO II ,38 - A,SNC,SAN GIULIANO TERME
PAPA GIOVANNI XXIII ,30 - A,TUTTI,PISA
PAPA GIOVANNI XXIII ,32 - A,TUTTI,VECCHIANO
PAR DI ROTA ,41 - B,TUTTI,CALCI
PARADISA ,13 - A,TUTTI,PISA
PARADISA ,47,2,PISA
PARADISO ,32 - A,TUTTI,VECCHIANO
PARDELLA ,35 - B,TUTTI,VECCHIANO
PARDI ,43 - B,TUTTI,SAN GIULIANO TERME
PARDI FRANCESCO ,14 - A,TUTTI,PISA
PARDI PASQUALE ,1 - B,TUTTI,PISA
PARDO ROQUES ABRAMO GIUSEPPE ,24 - A,TUTTI,PISA
PARIGI ,13 - B,TUTTI,PISA
PARINI GIUSEPPE ,10 - A,TUTTI,CASCINA
PARINI GIUSEPPE ,15 - A,TUTTI,SAN GIULIANO TERME
PARINI GIUSEPPE ,15 - B,TUTTI,PISA
PARLASCIO ,23 - A,TUTTI,PISA
PARRI FERRUCCIO ,32 - A,TUTTI,VECCHIANO
PASCARELLA CESARE ,17 - B,TUTTI,SAN GIULIANO TERME
PASCOLI GIOVANNI ,2 - B,TUTTI,PISA
PASCOLI GIOVANNI ,39 - B,TUTTI,SAN GIULIANO TERME
PASTEUR LOUIS ,36 - A,TUTTI,SAN GIULIANO TERME
PASTORE GIULIO ,21 - B,TUTTI,PISA
PASTORE GIULIO ,9 - B,TUTTI,CASCINA
PAVESE CESARE ,15 - A,TUTTI,SAN GIULIANO TERME
PAVONCELLA ,32 - A,TUTTI,VECCHIANO
PELLEGRINI ,40 - B,TUTTI,SAN GIULIANO TERME
PELLEGRINI IGNAZIO ,18 - A,TUTTI,PISA
PELLICO SILVIO ,12 - B,TUTTI,CASCINA
PELLICO SILVIO ,3 - A,TUTTI,PISA
PELLICO SILVIO ,37 - A,TUTTI,SAN GIULIANO TERME
PELLIZZI GIOVAN BATTISTA ,18 - A,TUTTI,PISA
PERA LUIGI ,13 - A,TUTTI,PISA
PERGOLESI GIOVAN BATTISTA ,30 - A,TUTTI,PISA
PERLASCA GIORGIO ,6 - A,TUTTI,PISA
PERTINI SANDRO ,29 - B,TUTTI,PISA
PERTINI SANDRO ,35 - B,TUTTI,VECCHIANO
PERUGIA ,20 - B,TUTTI,PISA
PERVIA ,38 - B,SNC,SAN GIULIANO TERME
PESCAIOLA ,36 - A,TUTTI,SAN GIULIANO TERME
PESCINA ,38 - A,TUTTI,SAN GIULIANO TERME
PESCINE ,41 - A,TUTTI,CALCI
PESENTI ANTONIO ,14 - A,TUTTI,PISA
PESSINA DON UMBERTO ,22 - A,TUTTI,PISA
PETRARCA FRANCESCO ,15 - A,TUTTI,SAN GIULIANO TERME
PETRARCA FRANCESCO ,15 - B,TUTTI,PISA
PETRI DORANDO ,33 - A,TUTTI,VECCHIANO
PETTININI ,42 - A,TUTTI,CALCI
PETTORI ,10 - A,TUTTI,CASCINA
PEZZI ENRICO ,5 - A,TUTTI,PISA
PIAGGE ,4 - B,TUTTI,PISA
PIAGGETTA ,6 - A,TUTTI,PISA
PIAGGIA ,13 - A,TUTTI,PISA
PIAGGIA ,33 - B,TUTTI,VECCHIANO
PIAN DI SODA ,42 - B,TUTTI,CALCI
PIANTALBIS ,10 - A,DAL 19 AL 171 DAL 12 AL 128,CASCINA
PIANTALBIS ,9 - B,DAL 1 AL 9,CASCINA
PIASTRONI ,10 - B,DAL 3 AL 125 DAL 40 AL 250,CASCINA
PIASTRONI ,7 - B,DAL 2 AL 60 DAL 1 AL 63,CASCINA
PIAVE ,21 - A,TUTTI,PISA
PIAVOLA A BUTI ,22 - A,TUTTI,PISA
PIAZZINI STEFANO ,28 - A,TUTTI,PISA
PICASSO ,39 - B,TUTTI,SAN GIULIANO TERME
PICCOLOMINI OTTAVIO ,25 - A,TUTTI,PISA
PICOTTI GIOVANNI BATTISTA ,14 - B,TUTTI,PISA
PIEMONTE ,13 - B,TUTTI,PISA
PIERDICINO ,7 - B,TUTTI,PISA
PIERONI ANTONIO ,11 - B,TUTTI,CASCINA
PIETRASANTA ,42 - B,TUTTI,CALCI
PIETRASANTINA ,22 - B,TUTTI,PISA
PIETRASANTINA ,22 - B,TUTTI,SAN GIULIANO TERME
PIETRASANTINA ,31 - B,TUTTI,SAN GIULIANO TERME
PIETRASANTINA ,47,87:123,PISA
PIETRASANTINA ,47,8,SAN GIULIANO TERME
PIEVANO ,41 - A,TUTTI,CALCI
PIEVE ,35 - A,TUTTI,VECCHIANO
PILLA LEOPOLDO ,6 - A,DAL 17 AL 31 DAL 10 AL 72,PISA
PILLA LEOPOLDO ,6 - B,DAL 3 AL 15 DAL 2 AL 6,PISA
PINDEMONTE IPPOLITO ,15 - B,TUTTI,PISA
PINDEMONTE IPPOLITO ,24 - B,TUTTI,SAN GIULIANO TERME
PINI ,32 - B,TUTTI,VECCHIANO
PINI ,38 - B,11,SAN GIULIANO TERME
PINI ,39 - B,7; 9;10,SAN GIULIANO TERME
PINI ,5 - A,TUTTI,PISA
PIOPPI ,26 - A,TUTTI,PISA
PIOPPI ,40 - A,TUTTI,SAN GIULIANO TERME
PIRANDELLO ,15 - A,TUTTI,SAN GIULIANO TERME
PIRONE ,41 - B,TUTTI,CALCI
PISACANE ,38 - B,TUTTI,SAN GIULIANO TERME
PISACANE CARLO ,6 - B,TUTTI,PISA
PISANO ANDREA ,21 - B,TUTTI,PISA
PISANO ANDREA ,36 - B,TUTTI,SAN GIULIANO TERME
PISANO ANDREA ,47,120,PISA
PISANO ANTONIO DETTO PISANELLO ,22 - A,TUTTI,PISA
PISANO GIOVANNI ,20 - A,TUTTI,PISA
PISANO GIUNTA ,21 - B,TUTTI,PISA
PISANO NICOLA ,19 - A,TUTTI,PISA
PISANO NINO ,29 - A,TUTTI,PISA
PISANO NINO ,47,3,PISA
PISANO TOMMASO ,21 - A,TUTTI,PISA
PISORNO ,25 - A,DAL 9 AL 57 DAL 6 AL 66,PISA
PISORNO ,26 - B,5; 7,PISA
PISTELLI NICOLA ,12 - A,TUTTI,CASCINA
PISTOLESI ENRICO ,14 - A,SNC,PISA
PIZZARELLO SALVATORE ,13 - B,TUTTI,PISA
PLATANI ,25 - B,TUTTI,PISA
PO ,22 - B,TUTTI,PISA
PODERE DELL'ORTO ,38 - B,TUTTI,SAN GIULIANO TERME
PODERI DEL PINO ,19 - B,TUTTI,PISA
POERIO ALESSANDRO ,1 - B,TUTTI,PISA
POGGERE ,10 - B,TUTTI,CASCINA
POGGIO ,34 - A,TUTTI,VECCHIANO
POGGIO ,42 - B,TUTTI,CALCI
POGGIO BRACCIOLINI ,17 - B,TUTTI,SAN GIULIANO TERME
POGGIO DELLA PROPOSITURA ,41 - A,TUTTI,CALCI
POGGIO NUOVO ,31 - B,TUTTI,SAN GIULIANO TERME
POGGIOLO ,7 - A,TUTTI,PISA
POLLA ,40 - B,TUTTI,SAN GIULIANO TERME
POLO MARCO ,2 - A,TUTTI,PISA
PONCHIELLI ,36 - A,TUTTI,SAN GIULIANO TERME
PONTE A PIGLIERI ,29 - A,6.8,PISA
PONTE A PIGLIERI ,47,2,PISA
PONTE DELL'AMMIRAGLIO ,7 - A,TUTTI,PISA
PONTECORVO BRUNO ,33 - B,TUTTI,VECCHIANO
PONTECORVO BRUNO ,44,TUTTI,PISA
PONTECORVO PELLEGRINO ,44,5,PISA
PONTECORVO PELLEGRINO ,5 - B,TUTTI,PISA
PONTICELLI ,8 - A,TUTTI,PISA
POPOLO ,36 - B,TUTTI,SAN GIULIANO TERME
PORCARI ,25 - B,TUTTI,PISA
PORTA A MARE ,29 - A,TUTTI,PISA
PORTA A MARE ,47,12,PISA
PORTA CARLO ,24 - A,TUTTI,PISA
PORTA CARLO ,24 - B,TUTTI,SAN GIULIANO TERME
PORTA DOLFI ,3 - A,TUTTI,PISA
PORTON ROSSO ,23 - A,TUTTI,PISA
POSCHI ,16 - B,TUTTI,PISA
POSSENTI ITALO ,1 - B,TUTTI,PISA
POSSENTI ITALO ,40 - B,TUTTI,SAN GIULIANO TERME
POZZETTO ,16 - A,TUTTI,PISA
PRAMPOLINI CAMILLO ,19 - B,TUTTI,PISA
PRATA ,35 - A,TUTTI,VECCHIANO
PRATAGLIA ,5 - B,TUTTI,PISA
PRATALE ,12 - B,TUTTI,CASCINA
PRATALE ,15 - A,DAL 85/A AL 109 DAL 46 AL  78,PISA
PRATALE ,18 - A,DAL 1 AL 75 DAL 2 AL 44,PISA
PRATAVECCHIE ,32 - B,TUTTI,VECCHIANO
PRATELLO ,12 - A,TUTTI,CASCINA
PRATO CERAGIOLA ,41 - B,TUTTI,CALCI
PRATOLINI ,37 - B,TUTTI,SAN GIULIANO TERME
PREITE LUIGI ,9 - B,TUTTI,CASCINA
PRIMALBELLO ,6 - B,TUTTI,PISA
PRIMO MAGGIO ,21 - B,TUTTI,PISA
PRINETTI PADRE FELICE ,4 - B,TUTTI,PISA
PROFETI ALBERTO ,11 - A,TUTTI,CASCINA
PROPOSITURA ,41 - A,TUTTI,CALCI
PROPOSITURA ,41 - A,TUTTI,CALCI
PRUNICCIO ,32 - B,TUTTI,VECCHIANO
PRUNO ,41 - B,TUTTI,CALCI
PUCCINI GIACOMO ,15 - A,TUTTI,SAN GIULIANO TERME
PUCCINI GIACOMO ,2 - A,TUTTI,PISA
PUCCINI GIACOMO ,35 - B,TUTTI,VECCHIANO
PUGLIA ,13 - B,TUTTI,PISA
PULCI LUIGI ,36 - B,TUTTI,SAN GIULIANO TERME
PUNGILUPO ,13 - A,TUTTI,PISA
PUNTA PISANA ,33 - A,TUTTI,VECCHIANO
PUNTATA ,24 - B,TUTTI,SAN GIULIANO TERME
PUNTONI ,43 - B,TUTTI,SAN GIULIANO TERME
PUTIGNANO ,6 - B,DAL 1 AL 409 DAL 2 AL 380,PISA
PUTIGNANO ,8 - A,DAL 5 AL 85 DAL 10 AL 106/A,PISA
QUADRIO MAURIZIO ,6 - A,TUTTI,PISA
QUALQUONIA ,3 - A,TUTTI,PISA
QUARANTOLA ,1 - A,DAL 1 AL  33 DAL 2 AL 28,PISA
QUARANTOLA ,29 - A,DAL 37 AL 45 DAL 30 AL 60,PISA
QUARANTOTTI ,23 - A,SNC,PISA
QUARTO ,12 - A,DAL 1 AL 37 DAL 2 AL 42,CASCINA
QUARTO ,12 - B,DAL 48 AL 56,CASCINA
QUARTO ,7 - A,TUTTI,PISA
QUASIMODO ,15 - A,TUTTI,SAN GIULIANO TERME
QUASIMODO SALVATORE ,15 - B,SNC,PISA
QUATTRO NOVEMBRE ,21 - A,TUTTI,PISA
QUATTRO NOVEMBRE ,35 - B,TUTTI,VECCHIANO
QUEIROLO GIAN BATTISTA ,2 - B,TUTTI,PISA
QUERCIA ,37 - B,TUTTI,SAN GIULIANO TERME
QUERCIOLE ,26 - A,TUTTI,PISA
QUERCIOLE ,32 - B,TUTTI,VECCHIANO
RADI GUIDO ,22 - A,TUTTI,PISA
RADICATA ,35 - A,TUTTI,VECCHIANO
RAGGHIANTI CARLO LUDOVICO ,5 - A,TUTTI,PISA
RAGLIANTI LIBERO ,6 - A,TUTTI,PISA
RAGNAIA ,40 - B,TUTTI,SAN GIULIANO TERME
RAGNAINO ,28 - B,TUTTI,PISA
RAINALDO ,4 - B,TUTTI,PISA
RAMO ,36 - A,TUTTI,SAN GIULIANO TERME
RANDACCIO GIOVANNI ,24 - B,TUTTI,PISA
RASETTI FRANCO ,43 - A,TUTTI,SAN GIULIANO TERME
RAVENNA ,21 - A,TUTTI,PISA
RAVENNA CIRO ,21 - B,TUTTI,PISA
RAVERA CAMILLA ,43 - B,SNC,SAN GIULIANO TERME
RAVERA CAMILLA ,9 - B,TUTTI,CASCINA
RAVIZZA GIUSEPPE ,5 - B,TUTTI,PISA
RAZZI GIROLAMO ,15 - B,TUTTI,PISA
REDI FRANCESCO ,14 - B,TUTTI,PISA
REDI FRANCESCO ,22 - A,TUTTI,SAN GIULIANO TERME
REGINA ELENA ,28 - B,TUTTI,PISA
RENAINO ,5 - A,TUTTI,PISA
RENE ,25 - A,DAL 1 AL 65 DAL 2 AL 56,PISA
RENE ,5 - A,DAL 71 AL 121,PISA
REPETTI EMANUELE ,28 - A,TUTTI,PISA
REPETTI EMANUELE ,37 - B,TUTTI,SAN GIULIANO TERME
REPUBBLICA ,18 - B,TUTTI,
REPUBBLICA ,41 - A,TUTTI,CALCI
REPUBBLICA ,44,5,PISA
REPUBBLICA PISANA ,27 - B,TUTTI,PISA
REPUBBLICA PISANA ,47,45/A,PISA
REZZANO ,42 - B,TUTTI,CALCI
RICCIARDI ,3 - B,TUTTI,PISA
RICUCCHI ,19 - A,TUTTI,PISA
RIDOLFI COSIMO ,4 - B,TUTTI,PISA
RIDOLFI COSIMO ,49,10,PISA
RIGATTIERI ,16 - A,TUTTI,PISA
RIGHI AUGUSTO ,5 - B,TUTTI,PISA
RIMEDIOTTI ,16 - A,TUTTI,PISA
RIMINALDI ,18 - A,TUTTI,PISA
RINDI UGO ,21 - A,TUTTI,PISA
RINUCCINI ,31 - A,TUTTI,SAN GIULIANO TERME
RIPAIOLA ,7 - A,TUTTI,PISA
RIPOLI ,10 - B,TUTTI,CASCINA
RISECCOLI ,41 - B,TUTTI,CALCI
RISMONDO FRANCESCO ,20 - B,TUTTI,PISA
RISORGIMENTO ,19 - A,TUTTI,PISA
RISORTI ,23 - B,TUTTI,PISA
RIVIERA ,26 - B,TUTTI,PISA
RIZZO LUIGI ,24 - B,TUTTI,PISA
RIZZOTTO PLACIDO ,33 - A,TUTTI,VECCHIANO
ROCCA ,34 - B,TUTTI,VECCHIANO
RODARI GIANNI ,37 - B,TUTTI,SAN GIULIANO TERME
RODARI GIANNI ,37 - B,TUTTI,SAN GIULIANO TERME
ROMA ,19 - A,TUTTI,PISA
ROMA ,35 - B,TUTTI,VECCHIANO
ROMA ,39 - B,TUTTI,SAN GIULIANO TERME
ROMA ,41 - A,DAL 1 AL 101 DAL 6 AL 88,CALCI
ROMA ,42 - B,79,CALCI
ROMA ,45,55/B,PISA
ROMA ,45,78,PISA
ROMAGNA ,13 - B,TUTTI,PISA
ROMAGNOSI ,24 - B,TUTTI,SAN GIULIANO TERME
ROMITA GIUSEPPE ,19 - B,TUTTI,PISA
ROMITI GUGLIELMO ,3 - A,TUTTI,PISA
ROMITORIO ,38 - B,TUTTI,SAN GIULIANO TERME
ROMOLI SIRIO ,12 - A,TUTTI,CASCINA
RONCACCIO ,40 - A,SNC,SAN GIULIANO TERME
RONCHI ,42 - B,TUTTI,CALCI
RONCILE ,34 - B,TUTTI,VECCHIANO
RONCIONI ,16 - A,TUTTI,PISA
RONCIONI ,38 - B,SNC,SAN GIULIANO TERME
ROOK TOMMASO ,30 - B,TUTTI,PISA
ROSANICO ,40 - A,TUTTI,SAN GIULIANO TERME
ROSATI LICIA ,40 - B,TUTTI,SAN GIULIANO TERME
ROSE ,26 - B,TUTTI,PISA
ROSE ,43 - B,TUTTI,SAN GIULIANO TERME
ROSELLINI IPPOLITO ,4 - A,TUTTI,PISA
ROSELLINI IPPOLITO ,4 - A,DAL 2 AL 4 DAL 54 AL 118,PISA
ROSELLINI IPPOLITO ,4 - B,DAL 6 AL 42,PISA
ROSI MINO ,19 - B,TUTTI,PISA
ROSINI GIOVANNI ,17 - A,TUTTI,PISA
ROSMINI ANTONIO ,21 - A,TUTTI,PISA
ROSSA GUIDO ,24 - B,TUTTI,PISA
ROSSA GUIDO ,32 - A,TUTTI,VECCHIANO
ROSSELMINI ,2 - B,TUTTI,PISA
ROSSELMINI ,42 - A,TUTTI,CALCI
ROSSI ,35 - A,TUTTI,VECCHIANO
ROSSI CARLO CARDINALE ,6 - B,TUTTI,PISA
ROSSINI GIOACCHINO ,30 - B,TUTTI,PISA
RUBATTINO RAFFAELE ,6 - A,TUTTI,PISA
RUFFINI ,39 - A,TUTTI,SAN GIULIANO TERME
RUFFO TITTA ,3 - B,TUTTI,PISA
RUFFO TITTA ,43 - B,TUTTI,SAN GIULIANO TERME
RUSCHI ,18 - B,TUTTI,PISA
RUSCHI FRANCESCO ,41 - A,DAL 5 AL 129/A DAL 2 AL 172,CALCI
RUSCHI FRANCESCO ,41 - B,DAL 133 AL 145 DAL 174 AL  190,CALCI
RUSSO LUIGI ,14 - B,TUTTI,PISA
SABA ,15 - A,TUTTI,SAN GIULIANO TERME
SABBIONI FRANCESCO ,12 - B,TUTTI,CASCINA
SAFFI AURELIO ,3 - A,TUTTI,PISA
SAINATI GIUSEPPE ,1 - A,TUTTI,PISA
SALCETTI ,34 - B,TUTTI,VECCHIANO
SALEMI ,7 - B,TUTTI,PISA
SALGARI ,43 - A,TUTTI,SAN GIULIANO TERME
SALGARI EMILIO ,43 - A,TUTTI,SAN GIULIANO TERME
SALICI ,26 - A,TUTTI,PISA
SALITA ,41 - A,TUTTI,CALCI
SALVEMINI ,31 - A,TUTTI,SAN GIULIANO TERME
SALVESTRONI CESARE ,22 - A,TUTTI,PISA
SALVIE ,26 - A,TUTTI,PISA
SALVINI GUSTAVO ,27 - B,TUTTI,PISA
SAN BARTOLOMEO ,30 - B,TUTTI,PISA
SAN BENEDETTO ,1 - A,TUTTI,PISA
SAN BERNARDO ,2 - B,TUTTI,PISA
SAN BIAGIO ,13 - A,TUTTI,PISA
SAN BONAVENTURA ,1 - A,TUTTI,PISA
SAN CATALDO ,14 - A,TUTTI,PISA
SAN CONCORDIO ,30 - B,TUTTI,PISA
SAN COSIMO ,3 - B,TUTTI,PISA
SAN DOMENICO ,2 - B,TUTTI,PISA
SAN DONATO ,10 - A,TUTTI,CASCINA
SAN DONATO ,41 - B,TUTTI,CALCI
SAN DONNINO ,1 - A,TUTTI,PISA
SAN ERMOLAO ,41 - B,TUTTI,CALCI
SAN FELICE DI NOLA ,16 - B,TUTTI,PISA
SAN FRANCESCO ,18 - B,TUTTI,PISA
SAN FRANCESCO ,18 - B,TUTTI,PISA
SAN FRANCESCO ,44,52,PISA
SAN FRANCESCO D'ASSISI ,37 - A,TUTTI,SAN GIULIANO TERME
SAN FREDIANO ,23 - A,TUTTI,PISA
SAN FREDIANO ,34 - A,TUTTI,VECCHIANO
SAN FREDIANO ,45,4,PISA
SAN GIACOMO ,40 - B,TUTTI,SAN GIULIANO TERME
SAN GIORGIO ,23 - B,TUTTI,PISA
SAN GIOVANNI ,36 - B,TUTTI,SAN GIULIANO TERME
SAN GIOVANNI AL GATANO ,29 - A,TUTTI,PISA
SAN GIOVANNI BOSCO ,18 - A,TUTTI,PISA
SAN GIOVANNI BOSCO ,44,43,PISA
SAN GIUSEPPE ,23 - A,TUTTI,PISA
SAN GIUSEPPE BENEDETTO COTTOLENGO ,3 - B,TUTTI,PISA
SAN GIUSTO ,1 - B,TUTTI,PISA
SAN GUIDO ,26 - B,TUTTI,PISA
SAN JACOPO ,22 - A,TUTTI,PISA
SAN JACOPO ,50,63,PISA
SAN LORENZINO ,2 - B,TUTTI,PISA
SAN LORENZO ,18 - B,TUTTI,PISA
SAN LORENZO ,42 - B,TUTTI,CALCI
SAN LORENZO ,44,81,PISA
SAN LUCA ,16 - A,TUTTI,PISA
SAN LUCA ,41 - B,TUTTI,CALCI
SAN LUIGI ,39 - B,TUTTI,SAN GIULIANO TERME
SAN LUSSORIO ,21 - B,TUTTI,PISA
SAN MARCO ,1 - B,TUTTI,PISA
SAN MARTINO ,2 - B,TUTTI,PISA
SAN MARTINO ,2 - B,TUTTI,PISA
SAN MARTINO ,42 - B,TUTTI,CALCI
SAN MARTINO ,45,46,PISA
SAN MASSIMILIANO KOLBE ,32 - B,TUTTI,VECCHIANO
SAN MATTEO IN SOARTA ,16 - A,TUTTI,PISA
SAN MAURIZIO ,35 - A,TUTTI,VECCHIANO
SAN MICHELE DEGLI SCALZI ,4 - B,TUTTI,PISA
SAN MICHELE DEGLI SCALZI ,49,73,PISA
SAN NICOLA ,23 - B,TUTTI,PISA
SAN PAOLO ,3 - A,TUTTI,PISA
SAN PAOLO A RIPA D'ARNO ,3 - A,TUTTI,PISA
SAN PAOLO ALL'ORTO ,16 - B,TUTTI,PISA
SAN PIERINO ,16 - A,TUTTI,PISA
SAN PIERO ,42 - A,TUTTI,CALCI
SAN PIETRO ,28 - A,TUTTI,PISA
SAN PIETRO ,41 - A,TUTTI,CALCI
SAN PIO DA PIETRELCINA ,13 - A,TUTTI,PISA
SAN RANIERI ,30 - B,SNC,PISA
SAN RANIERINO ,23 - A,TUTTI,PISA
SAN ROCCO ,40 - A,DAL 1 AL 13 DAL 2 AL 14/H,SAN GIULIANO TERME
SAN ROCCO ,40 - B,DAL 13/A AL 87 DAL 16 AL 78,SAN GIULIANO TERME
SAN ROCCO ,50,22,SAN GIULIANO TERME
SAN ROSSORE ,47,SNC,PISA
SAN SEPOLCRO ,2 - B,TUTTI,PISA
SAN SILVESTRO ,17 - A,TUTTI,PISA
SAN SIMONE ,23 - A,TUTTI,PISA
SAN SISTO ,10 - B,TUTTI,CASCINA
SAN TOMMASO ,23 - A,TUTTI,PISA
SAN VITO ,19 - A,TUTTI,PISA
SAN VITO ,42 - B,TUTTI,CALCI
SAN ZENO ,18 - B,TUTTI,PISA
SAN ZENO ,39 - A,TUTTI,SAN GIULIANO TERME
SANAC ,29 - A,TUTTI,PISA
SANCASCIANI SIMONE ,2 - B,TUTTI,PISA
SANGUIGNO ,13 - A,TUTTI,PISA
SANNAZZARO ,17 - B,TUTTI,SAN GIULIANO TERME
SANTA BIBBIANA ,16 - A,TUTTI,PISA
SANTA BIBBIANA ,44,11,PISA
SANTA BONA ,1 - B,TUTTI,PISA
SANTA CATERINA ,18 - B,TUTTI,PISA
SANTA CATERINA ,18 - B,TUTTI,PISA
SANTA CATERINA ,41 - B,TUTTI,CALCI
SANTA CECILIA ,18 - B,TUTTI,PISA
SANTA CECILIA ,44,3,PISA
SANTA CROCE IN FOSSABANDA ,4 - B,TUTTI,PISA
SANTA LUCIA ,10 - B,TUTTI,CASCINA
SANTA LUCIA ,19 - A,TUTTI,PISA
SANTA LUCIA ,41 - B,TUTTI,CALCI
SANTA MARGHERITA ,23 - A,TUTTI,PISA
SANTA MARIA ,23 - B,TUTTI,PISA
SANTA MARIA ,41 - B,TUTTI,CALCI
SANTA MARIA ,45,15;53;55;67;85;155,PISA
SANTA MARIA ,45,8;36;44,PISA
SANTA MARTA ,16 - A,TUTTI,PISA
SANTA ROSA ,36 - A,TUTTI,SAN GIULIANO TERME
SANT'AGATA ,42 - B,TUTTI,CALCI
SANT'AGOSTINO ,1 - A,TUTTI,PISA
SANT'AGOSTINO ,44,69,PISA
SANT'AGOSTINO ,44,106/A,PISA
SANT'ALESSANDRA ,42 - B,TUTTI,CALCI
SANT'ALESSANDRO ,35 - B,TUTTI,VECCHIANO
SANTALLAGO ,40 - B,TUTTI,SAN GIULIANO TERME
SANT'AMBROGIO ,1 - A,TUTTI,PISA
SANT'ANDREA ,16 - A,TUTTI,PISA
SANT'ANDREA ,41 - B,SNC,CALCI
SANT'ANDREA ,41 - B,TUTTI,CALCI
SANT'ANSANO ,21 - A,TUTTI,PISA
SANT'ANSELMO ,1 - A,TUTTI,PISA
SANT'ANTONIO ,10 - B,TUTTI,CASCINA
SANT'ANTONIO ,3 - A,TUTTI,PISA
SANT'ANTONIO ,3 - A,TUTTI,PISA
SANT'ANTONIO ,36 - A,TUTTI,SAN GIULIANO TERME
SANT'APOLLINARE ,30 - B,TUTTI,PISA
SANT'APOLLONIA ,23 - A,TUTTI,PISA
SANT'ELENA ,15 - A,2; 4,SAN GIULIANO TERME
SANT'ELENA ,40 - A,DAL 1 AL 13,SAN GIULIANO TERME
SANTI EFISIO E POTITO ,1 - A,TUTTI,PISA
SANTI FERNANDO ,9 - B,TUTTI,CASCINA
SANTI MINORI ,38 - A,TUTTI,SAN GIULIANO TERME
SANTI VECCHI ,40 - B,TUTTI,SAN GIULIANO TERME
SANTISSIMA MARIA AUSILIATRICE ,27 - B,TUTTI,PISA
SANTO STEFANO ,20 - A,TUTTI,PISA
SANT'OMOBONO ,16 - B,TUTTI,PISA
SANTONI ERMENEGILDO ,42 - A,TUTTI,CALCI
SANT'ORSOLA ,16 - B,TUTTI,PISA
SANTUARIO ,35 - B,TUTTI,VECCHIANO
SANZIO RAFFAELLO ,30 - A,TUTTI,PISA
SANZIO RAFFAELLO ,40 - B,TUTTI,SAN GIULIANO TERME
SARAGAT GIUSEPPE ,2 - A,TUTTI,PISA
SARDEGNA ,27 - B,TUTTI,PISA
SARDO RANIERI ,29 - A,TUTTI,PISA
SARI ,41 - B,TUTTI,CALCI
SARPI ,22 - A,TUTTI,SAN GIULIANO TERME
SARTORI ,17 - B,TUTTI,SAN GIULIANO TERME
SARTORI DOMENICO ,13 - A,TUTTI,PISA
SASSARI ,24 - B,TUTTI,PISA
SASSOVANGELO ,38 - B,TUTTI,SAN GIULIANO TERME
SAURO NAZARIO ,24 - B,TUTTI,PISA
SAURO NAZARIO ,31 - B,TUTTI,SAN GIULIANO TERME
SAVI PAOLO ,47,TUTTI,PISA
SAVONA ,20 - B,TUTTI,PISA
SBRANA FERDINANDO ,4 - A,TUTTI,PISA
SCARAMUCCI ,2 - B,TUTTI,PISA
SCARLATTI ALESSANDRO ,40 - A,TUTTI,SAN GIULIANO TERME
SCASSATA ,41 - B,SNC,CALCI
SCAURO EMILIO ,28 - A,TUTTI,PISA
SCEPRE ,5 - A,TUTTI,PISA
SCIABOLINO ,39 - B,TUTTI,SAN GIULIANO TERME
SCIASCIA ,38 - A,TUTTI,SAN GIULIANO TERME
SCOGLIO DELLA MELORIA ,28 - B,TUTTI,PISA
SCORNIGIANA ,46,52,PISA
SCORNIGIANA ,5 - B,TUTTI,PISA
SCORNO ,12 - A,TUTTI,CASCINA
SCORNO ,12 - A,TUTTI,CASCINA
SCROCCA ,42 - B,TUTTI,CALCI
SCUOLA ,16 - A,TUTTI,PISA
SEDIO ,42 - B,TUTTI,CALCI
SELMI ,17 - B,14/C,SAN GIULIANO TERME
SELMI ,43 - A,TUTTI,SAN GIULIANO TERME
SELVA ,26 - A,TUTTI,PISA
SELVASTRELLE ,26 - A,TUTTI,PISA
SEMERARO PAOLO ,17 - A,1,PISA
SEMERARO PAOLO ,48,9,PISA
SEMINARIO ,41 - B,TUTTI,CALCI
SEMPIONE ,8 - A,TUTTI,PISA
SEPOLCRI ,6 - B,TUTTI,PISA
SERAFINI FILIPPO ,23 - B,TUTTI,PISA
SERAFINI FILIPPO ,48,3,PISA
SERANI ETTORE ,24 - B,TUTTI,PISA
SERAO MATILDE ,40 - A,TUTTI,SAN GIULIANO TERME
SERCHIO ,22 - B,TUTTI,PISA
SERCHIO ,33 - B,TUTTI,VECCHIANO
SERCHIO ,37 - B,TUTTI,SAN GIULIANO TERME
SERRATI MENOTTI GIACINTO ,31 - A,TUTTI,SAN GIULIANO TERME
SERRE ,31 - A,TUTTI,SAN GIULIANO TERME
SERRE ,34 - B,TUTTI,VECCHIANO
SESIA ,22 - B,TUTTI,PISA
SESTINI FAUSTO ,21 - B,TUTTI,PISA
SETTE VOLTE ,16 - B,TUTTI,PISA
SETTEMBRINI LUIGI ,15 - B,TUTTI,PISA
SETTEMBRINI LUIGI ,40 - B,TUTTI,SAN GIULIANO TERME
SHELLEY PERCY ,39 - B,TUTTI,SAN GIULIANO TERME
SHELLEY PERCY BYSSHE ,15 - B,TUTTI,PISA
SICILIA ,21 - A,TUTTI,PISA
SIGHIERI ETTORE ,18 - B,TUTTI,PISA
SIGNANO ,39 - A,DAL 1 AL 35 DAL 14 AL 20,SAN GIULIANO TERME
SIGNANO ,39 - B,7,SAN GIULIANO TERME
SIGNANO ,39 - B,DAL 2 AL 6/D,SAN GIULIANO TERME
SILVESTRI ,2 - B,TUTTI,PISA
SIMITERI ,5 - B,DAL 61 AL 135 DAL 70 AL 100,PISA
SIMITERI ,8 - A,DAL 1 AL 59 DAL 2 AL 68,PISA
SIMON ITALO ,13 - A,TUTTI,PISA
SIMONELLI RANIERI ,19 - A,TUTTI,PISA
SIMONELLI RANIERI ,43 - B,TUTTI,SAN GIULIANO TERME
SIMONI DARIO ,30 - B,TUTTI,PISA
SIRACUSA ,20 - B,TUTTI,PISA
SIRENETTA ,28 - B,TUTTI,PISA
SIRTORI GIUSEPPE ,6 - A,TUTTI,PISA
SLATAPER SCIPIO ,20 - A,TUTTI,PISA
SMITH WILLIAM ,19 - B,TUTTI,PISA
SOARTA ,17 - A,TUTTI,PISA
SOCCI ETTORE ,6 - A,TUTTI,PISA
SOCCI GAETANO ,10 - A,SNC,CASCINA
SODI ,35 - A,TUTTI,VECCHIANO
SOFINA ,5 - A,TUTTI,PISA
SOLARINO ALFREDO ,16 - A,TUTTI,PISA
SOLDAINI DON FRANCESCO ,10 - A,TUTTI,CASCINA
SOLFERINO ,23 - B,TUTTI,PISA
SOLFERINO ,45,11,PISA
SOMARI ,3 - B,TUTTI,PISA
SONNINO SIDNEY ,3 - A,TUTTI,PISA
SOPRA ,37 - B,4,SAN GIULIANO TERME
SOPRA ,38 - B,1;6,SAN GIULIANO TERME
SOPRA ,38 - B,TUTTI,SAN GIULIANO TERME
SORGENTI ,40 - A,DAL 1 AL 49/B DAL 2 AL 48,SAN GIULIANO TERME
SORGENTI ,40 - B,DAL 51 AL 57 DAL 50 AL 60,SAN GIULIANO TERME
SORGENTI ,42 - A,DAL 59 AL 81,SAN GIULIANO TERME
SPAVENTA ,17 - B,TUTTI,SAN GIULIANO TERME
SPEDALE ,33 - A,SNC,VECCHIANO
SPINELLO ARETINO ,19 - A,TUTTI,PISA
SPORT ,21 - B,TUTTI,PISA
SQUARTINI FRANCESCO ,5 - B,TUTTI,PISA
STALLETTE ,39 - B,TUTTI,SAN GIULIANO TERME
STALLONE ,34 - A,TUTTI,VECCHIANO
STAMPACE ,3 - A,TUTTI,PISA
STASSI ,37 - B,TUTTI,SAN GIULIANO TERME
STAZIONE ,2 - A,TUTTI,PISA
STAZIONE ,38 - B,TUTTI,SAN GIULIANO TERME
STERPULINO ,5 - B,TUTTI,PISA
STUDIATI CESARE ,18 - A,TUTTI,PISA
STURZO DON LUIGI ,2 - B,TUTTI,PISA
STURZO DON LUIGI ,37 - B,DAL 63 AL 95 DAL 32 AL 66,SAN GIULIANO TERME
STURZO DON LUIGI ,38 - B,DAL 1 AL 89 DAL 2 AL 64/C,SAN GIULIANO TERME
SUGHERONE ,40 - A,TUTTI,SAN GIULIANO TERME
SUPINO DAVID ,18 - A,TUTTI,PISA
SUPINO IGINO BENVENUTO ,18 - A,TUTTI,PISA
SVEVO ,15 - A,TUTTI,SAN GIULIANO TERME
SVEZIA ,4 - A,TUTTI,PISA
TABACCAIA ,38 - B,TUTTI,SAN GIULIANO TERME
TABBIANO ,38 - A,TUTTI,SAN GIULIANO TERME
TADDEI GUGLIELMO ,13 - A,TUTTI,PISA
TAGLIAMENTO ,22 - B,TUTTI,PISA
TALAMONE ,7 - B,TUTTI,PISA
TAMERICI ,5 - A,TUTTI,PISA
TANGHERONI MARCO ,4 - A,TUTTI,PISA
TANI SANTE ,24 - A,TUTTI,PISA
TANUCCI BERNARDO ,23 - A,TUTTI,PISA
TASSO TORQUATO ,15 - B,TUTTI,PISA
TASSO TORQUATO ,17 - B,TUTTI,SAN GIULIANO TERME
TAVOLERIA ,16 - B,TUTTI,PISA
TEALDI ASCANIO ,13 - B,TUTTI,PISA
TEATRO ,16 - A,TUTTI,PISA
TEGULAIA ,5 - B,TUTTI,PISA
TEMPESTI FERRUCCIO ,22 - A,TUTTI,PISA
TEMPESTI GIOVANNI BATTISTA ,18 - A,TUTTI,PISA
TEMPESTI GIOVANNI BATTISTA ,43 - A,TUTTI,SAN GIULIANO TERME
TERRACINI UMBERTO ,32 - A,TUTTI,VECCHIANO
TERROSI ,33 - B,TUTTI,VECCHIANO
TESIO FEDERICO ,30 - B,TUTTI,PISA
TEVERE ,22 - B,TUTTI,PISA
TEVERE ,41 - A,TUTTI,CALCI
TIBERIO UGO ,5 - A,SNC,PISA
TIBET ,14 - B,SNC,PISA
TICINO ,22 - B,TUTTI,PISA
TIDI ,23 - A,TUTTI,PISA
TIGLI ,26 - A,TUTTI,PISA
TIMAVO ,22 - B,TUTTI,PISA
TINTI ,16 - B,TUTTI,PISA
TIRO A SEGNO ,19 - B,TUTTI,PISA
TIRRENO ,25 - B,DAL 193 AL 393 DAL 38 AL 104,PISA
TIRRENO ,26 - A,DAL 1 AL 109 DAL 4 AL 20,PISA
TIRRENO ,26 - B,DAL 109/A AL 191 DAL 22;AL 82/V,PISA
TIRRENO ,47,347,PISA
TITIGNANO ,12 - A,TUTTI,CASCINA
TIZZONI GUIDO ,4 - A,TUTTI,PISA
TOBAGI WALTER ,14 - A,SNC,PISA
TOGLIATTI PALMIRO ,37 - A,TUTTI,SAN GIULIANO TERME
TOLONE ,43 - B,TUTTI,SAN GIULIANO TERME
TOMASI GIUSEPPE DI LAMPEDUSA ,38 - A,TUTTI,SAN GIULIANO TERME
TOMMASONE ,40 - A,TUTTI,SAN GIULIANO TERME
TONDO ,13 - B,TUTTI,PISA
TONELLI LEONILDA ,18 - A,TUTTI,PISA
TONGIORGI EZIO ,16 - B,TUTTI,PISA
TONIOLO ANTONIO RENATO ,14 - A,TUTTI,PISA
TONIOLO GIUSEPPE  Piazza,2 - B,TUTTI,PISA
TONIOLO GIUSEPPE ,43 - B,TUTTI,SAN GIULIANO TERME
TORELLO MELIANI ,12 - A,TUTTI,CASCINA
TORELLO MELIANI OVEST ,12 - A,TUTTI,CASCINA
TORGIONE TOZZETTI ,5 - B,SNC,PISA
TORINO ,20 - B,TUTTI,PISA
TORRACCIA ,34 - B,TUTTI,VECCHIANO
TORRE ,11 - A,TUTTI,CASCINA
TORRE ,42 - B,TUTTI,CALCI
TORRETTA ,26 - A,TUTTI,PISA
TORRI ,13 - B,TUTTI,PISA
TORRICELLI EVANGELISTA ,23 - B,TUTTI,PISA
TORRICELLI EVANGELISTA ,43 - B,TUTTI,SAN GIULIANO TERME
TORRINI RAMIRO MAESTRO ,1 - B,TUTTI,PISA
TORTI ,2 - B,TUTTI,PISA
TORZI ,3 - B,TUTTI,PISA
TOSCANA ,12 - A,TUTTI,CASCINA
TOSCANA ,13 - B,TUTTI,PISA
TOSCANELLI ,16 - A,TUTTI,PISA
TOSCANELLI DAL POZZO PAOLO ,28 - B,TUTTI,PISA
TOSCANINI ,22 - A,TUTTI,SAN GIULIANO TERME
TOSCO ROMAGNOLA ,11 - B,DAL 1317 AL 2169 DAL 1514 AL 2042,CASCINA
TOSCO ROMAGNOLA ,12 - A,DAL 2413 AL 2639 DAL 2236 AL 2574,CASCINA
TOSCO ROMAGNOLA ,46,1702;2394;2623,CASCINA
TOSCO ROMAGNOLA ,9 - B,DAL 2173 AL 2369,CASCINA
TOSCO ROMAGNOLA ,9 - B,DAL 1964 AL 2234,CASCINA
TOSELLI PIETRO ,3 - B,TUTTI,PISA
TOTI ENRICO ,24 - B,TUTTI,PISA
TOTINA ,10 - A,TUTTI,CASCINA
TOZZINI ETTORE ,42 - A,TUTTI,CALCI
TRAINI FRANCESCO ,22 - B,TUTTI,PISA
TRAVERSA ,16 - A,TUTTI,PISA
TRAVERSA ,35 - B,TUTTI,VECCHIANO
TRAVERSAGNA ,43 - B,TUTTI,SAN GIULIANO TERME
TRAVERSAGNA SUD ,32 - A,29,VECCHIANO
TRAVERSAGNA SUD ,32 - A,DAL 4 AL 86,VECCHIANO
TRAVERSAGNA SUD ,33 - A,DAL 7 AL 49,VECCHIANO
TRE COLLI ,41 - B,TUTTI,CALCI
TREBBIANO ,11 - B,TUTTI,CASCINA
TREBBIETTO ,41 - A,TUTTI,CALCI
TRENTO ,19 - A,TUTTI,PISA
TRIBOLATI FELICE ,18 - A,TUTTI,PISA
TRIESTE ,19 - A,TUTTI,PISA
TRIESTE ,40 - B,TUTTI,SAN GIULIANO TERME
TRIESTE ,42 - B,TUTTI,CALCI
TRILUSSA ,17 - B,TUTTI,SAN GIULIANO TERME
TRINCERE ,15 - B,TUTTI,PISA
TRONCI PAOLO ,2 - A,TUTTI,PISA
TULIPANI ,25 - B,TUTTI,PISA
TULIPANI ,36 - B,TUTTI,SAN GIULIANO TERME
TULLIO CROSIO ,28 - B,TUTTI,PISA
TUNNEL ,39 - A,TUTTI,SAN GIULIANO TERME
TURATI FILIPPO ,2 - B,TUTTI,PISA
TURATI FILIPPO ,31 - B,TUTTI,SAN GIULIANO TERME
TURBINE ,33 - A,TUTTI,VECCHIANO
TURINI IMOS ,9 - B,TUTTI,CASCINA
UFFIZI ,48,TUTTI,PISA
UMBRIA ,13 - B,TUTTI,PISA
UNGARETTI ,15 - A,TUTTI,SAN GIULIANO TERME
UNITA' ,40 - A,TUTTI,SAN GIULIANO TERME
UNITA' D'ITALIA ,34 - A,TUTTI,VECCHIANO
UNITA' D'ITALIA ,9 - B,TUTTI,CASCINA
UPEZZINGHI ,2 - B,TUTTI,PISA
USODIMARE ANTONIOTTO ,28 - B,TUTTI,PISA
VACCA BERLINGHIERI ANDREA ,18 - B,TUTTI,PISA
VAL DI VICO ,42 - A,TUTTI,CALCI
VALCAREGGI FERRUCCIO ,33 - A,TUTTI,VECCHIANO
VALGIMIGLI MANARA ,14 - A,TUTTI,PISA
VALLE ,40 - A,TUTTI,SAN GIULIANO TERME
VALLEBUIA ,41 - B,TUTTI,CALCI
VALLIGIANA ,40 - B,TUTTI,SAN GIULIANO TERME
VANNI TURINO ,19 - A,TUTTI,PISA
VANNI TURINO ,38 - B,TUTTI,SAN GIULIANO TERME
VANNINI ,25 - B,TUTTI,PISA
VASARI ,39 - B,TUTTI,SAN GIULIANO TERME
VASARI ,39 - B,TUTTI,SAN GIULIANO TERME
VASARI GIORGIO ,30 - A,TUTTI,PISA
VECCHIA BARBARICINA ,22 - B,TUTTI,PISA
VECCHIA DI MARINA ,25 - A,TUTTI,PISA
VECCHIA FIORENTINA ,9 - A,TUTTI,CASCINA
VECCHIA TRANVIA ,7 - A,TUTTI,PISA
VECCHIALIZIA ,36 - A,TUTTI,SAN GIULIANO TERME
VECCHIANI GIROLAMO ,27 - A,TUTTI,PISA
VECCHIO FRANTOIO ,40 - B,TUTTI,SAN GIULIANO TERME
VECCHIO FRANTOIO ,40 - B,TUTTI,SAN GIULIANO TERME
VECCHIO OSPIZIO ,39 - B,TUTTI,SAN GIULIANO TERME
VECELLIO TIZIANO ,30 - A,SNC,PISA
VENEZIA ,11 - A,TUTTI,CASCINA
VENEZIA ,21 - A,TUTTI,PISA
VENEZIA DI MONTEMAGNO ,42 - B,TUTTI,CALCI
VENEZIA GIULIA ,13 - B,TUTTI,PISA
VENEZIANO ANTONIO ,30 - A,TUTTI,PISA
VENTI SETTEMBRE ,35 - B,TUTTI,VECCHIANO
VENTI SETTEMBRE ,39 - B,TUTTI,SAN GIULIANO TERME
VENTI SETTEMBRE ,41 - A,TUTTI,CALCI
VENTI SETTEMBRE ,48,TUTTI,PISA
VENTICINQUE APRILE ,32 - B,TUTTI,VECCHIANO
VENTICINQUE APRILE ,40 - A,49,SAN GIULIANO TERME
VENTICINQUE APRILE ,40 - B,DAL 35 AL 55 DAL 12 AL 46/C,SAN GIULIANO TERME
VENTICINQUE APRILE ,42 - B,TUTTI,CALCI
VENTICINQUE APRILE ,43 - B,TUTTI,SAN GIULIANO TERME
VENTICINQUE APRILE ,43 - B,TUTTI,SAN GIULIANO TERME
VENTICINQUE APRILE ,5 - B,TUTTI,PISA
VENTIQUATTRO MAGGIO ,24 - A,TUTTI,PISA
VENTIQUATTRO MAGGIO ,50,55;100,PISA
VERDI GIUSEPPE ,34 - A,TUTTI,VECCHIANO
VERDI GIUSEPPE ,41 - B,TUTTI,CALCI
VERDI GIUSEPPE ,43 - A,TUTTI,SAN GIULIANO TERME
VERDI GIUSEPPE ,9 - A,TUTTI,CASCINA
VERGA ,15 - A,TUTTI,SAN GIULIANO TERME
VERGA GIOVANNI ,24 - A,TUTTI,PISA
VERITA' GIOVANNI ,6 - A,TUTTI,PISA
VERNACCINI GIUSEPPE ,16 - B,TUTTI,PISA
VERNAGALLI DOMENICO ,16 - A,TUTTI,PISA
VERRI PIETRO ,39 - B,TUTTI,SAN GIULIANO TERME
VERRI PIETRO ,9 - A,SNC,CASCINA
VESALIO ANDREA ,4 - A,TUTTI,PISA
VESPUCCI AMERIGO ,2 - A,TUTTI,PISA
VESPUCCI AMERIGO ,34 - B,TUTTI,VECCHIANO
VETTORI ,31 - A,TUTTI,SAN GIULIANO TERME
VETTORI GABRIELE ,15 - B,TUTTI,PISA
VETTORI GABRIELE ,15 - B,TUTTI,PISA
VETTOVAGLIE ,16 - B,TUTTI,PISA
VEZZOSI LUIGI ,41 - A,TUTTI,CALCI
VIACCIA ,29 - B,TUTTI,PISA
VIADOTTO ,5 - A,TUTTI,PISA
VIALE UMBERTO ,14 - A,TUTTI,PISA
VIALE UMBERTO ,49,2,PISA
VICO GIOVANNI BATTISTA ,31 - B,TUTTI,SAN GIULIANO TERME
VIETTA ,13 - B,TUTTI,PISA
VIETTA ,41 - A,TUTTI,CALCI
VIGNACCIA ,41 - B,SNC,CALCI
VIGNAGLIA ,6 - A,TUTTI,PISA
VIGNE ,38 - B,TUTTI,SAN GIULIANO TERME
VIGNOLI ,6 - B,TUTTI,PISA
VILLA ,34 - A,TUTTI,VECCHIANO
VILLA ,36 - B,TUTTI,SAN GIULIANO TERME
VILLA ,41 - B,TUTTI,CALCI
VILLA GLORI ,7 - B,TUTTI,PISA
VILLA SCORZI ,42 - A,TUTTI,CALCI
VILLANA ,41 - B,SNC,CALCI
VINCAGLIA ,6 - A,TUTTI,PISA
VINCENTE DELLA CHIOSTRA ,41 - A,TUTTI,CALCI
VIOLE ,26 - A,TUTTI,PISA
VIOLE ,39 - A,TUTTI,SAN GIULIANO TERME
VISCONTI UGONE ,21 - B,TUTTI,PISA
VISIGNANO ,12 - B,DAL 19 AL 119 DAL 28 AL 124,CASCINA
VISIGNANO ,9 - B,DAL 1 AL 9 DAL 2 AL 22,CASCINA
VITTORIO EMANUELE II ,2 - A,TUTTI,PISA
VITTORIO VENETO ,18 - B,TUTTI,PISA
VITTORIO VENETO ,37 - A,TUTTI,SAN GIULIANO TERME
VITTORIO VENETO ,42 - B,TUTTI,CALCI
VIVALDI ,43 - B,TUTTI,SAN GIULIANO TERME
VIVALDI UGOLINO E VADINO ,28 - B,TUTTI,PISA
VIVIANI ,40 - B,TUTTI,SAN GIULIANO TERME
VIVIANI GIUSEPPE ,28 - B,TUTTI,PISA
VIVIANI VASCO ,14 - B,TUTTI,PISA
VIVIANI VIVIANO ,29 - A,SNC,PISA
VOLPE GIOACCHINO ,8 - B,TUTTI,PISA
VOLPI ALESSANDRO ,17 - A,TUTTI,PISA
VOLTA ALESSANDRO ,19 - A,TUTTI,PISA
VOLTA ALESSANDRO ,35 - A,TUTTI,VECCHIANO
VOLTA ALESSANDRO ,43 - A,TUTTI,SAN GIULIANO TERME
VOLTURNO ,19 - A,TUTTI,PISA
XIMENES PADRE LEONARDO ,5 - B,TUTTI,PISA
ZAMENHOF LAZZARO LUDOVICO ,16 - A,TUTTI,PISA
ZAMENHOF LUDOVICO LAZZARO ,39 - B,TUTTI,SAN GIULIANO TERME
ZAMENHOF LUDOVICO LAZZARO ,41 - A,TUTTI,CALCI
ZERBOGLIO ENZO ,3 - A,TUTTI,PISA
ZUCCHELLI NICOLA ,1 - A,TUTTI,PISA
PASQUALE PAOLI,23 - A,TUTTI,PISA

